name,artist,popularity,explicit,energy,tempo,positiveness,danceability,acousticness,loudness,mode,duration_minutes,key,album_name,year
Old Town Road - Remix,Lil Nas X,79,False,0.619,136.041,0.639,0.878,0.0533,-5.56,Major,2.6,Fsharp/Gflat,7 EP,2019
Panini,Lil Nas X,62,False,0.594,153.848,0.475,0.703,0.342,-6.146,Minor,1.9,F,7 EP,2019
F9mily (You & Me),Lil Nas X,48,False,0.534,170.054,0.408,0.556,0.019,-7.75,Major,2.7,C,7 EP,2019
Kick It,Lil Nas X,53,True,0.484,151.878,0.523,0.739,0.138,-9.646,Major,2.4,A,7 EP,2019
Rodeo,Lil Nas X,67,True,0.679,140.081,0.657,0.706,0.139,-5.614,Major,2.6,A,7 EP,2019
Bring U Down,Lil Nas X,53,False,0.511,120.05,0.482,0.676,0.0759,-6.83,Minor,2.2,A,7 EP,2019
C7osure (You Like),Lil Nas X,58,False,0.742,133.989,0.56,0.847,0.397,-5.515,Minor,2.5,Gsharp/Aflat,7 EP,2019
Old Town Road,Lil Nas X,78,False,0.53,135.998,0.507,0.907,0.0578,-6.112,Major,1.9,Csharp/Dflat,7 EP,2019
bad guy,Billie Eilish,85,False,0.425,135.128,0.562,0.701,0.328,-10.965,Major,3.2,G,"WHEN WE ALL FALL ASLEEP, WHERE DO WE GO?",2019
xanny,Billie Eilish,74,False,0.125,111.554,0.0528,0.521,0.751,-17.832,Major,4.1,A,"WHEN WE ALL FALL ASLEEP, WHERE DO WE GO?",2019
you should see me in a crown,Billie Eilish,79,False,0.533,150.455,0.323,0.678,0.462,-10.485,Major,3.0,E,"WHEN WE ALL FALL ASLEEP, WHERE DO WE GO?",2019
all the good girls go to hell,Billie Eilish,77,False,0.444,185.044,0.569,0.726,0.283,-8.922,Minor,2.8,Gsharp/Aflat,"WHEN WE ALL FALL ASLEEP, WHERE DO WE GO?",2019
wish you were gay,Billie Eilish,77,False,0.351,118.028,0.282,0.853,0.39,-10.198,Major,3.7,G,"WHEN WE ALL FALL ASLEEP, WHERE DO WE GO?",2019
when the party's over,Billie Eilish,85,False,0.111,82.642,0.198,0.367,0.978,-14.084,Major,3.3,E,"WHEN WE ALL FALL ASLEEP, WHERE DO WE GO?",2019
8,Billie Eilish,71,False,0.235,62.446,0.462,0.735,0.698,-13.239,Major,2.9,Dsharp/Eflat,"WHEN WE ALL FALL ASLEEP, WHERE DO WE GO?",2019
my strange addiction,Billie Eilish,75,False,0.305,100.029,0.563,0.939,0.35,-10.952,Minor,3.0,Gsharp/Aflat,"WHEN WE ALL FALL ASLEEP, WHERE DO WE GO?",2019
bury a friend,Billie Eilish,76,False,0.389,120.046,0.196,0.905,0.74,-14.505,Major,3.2,Gsharp/Aflat,"WHEN WE ALL FALL ASLEEP, WHERE DO WE GO?",2019
ilomilo,Billie Eilish,74,False,0.423,120.02,0.572,0.855,0.724,-15.044,Minor,2.6,F,"WHEN WE ALL FALL ASLEEP, WHERE DO WE GO?",2019
listen before i go,Billie Eilish,78,False,0.0561,79.764,0.082,0.319,0.935,-23.023,Major,4.0,C,"WHEN WE ALL FALL ASLEEP, WHERE DO WE GO?",2019
i love you,Billie Eilish,81,False,0.131,137.446,0.12,0.421,0.952,-18.435,Major,4.9,C,"WHEN WE ALL FALL ASLEEP, WHERE DO WE GO?",2019
goodbye,Billie Eilish,71,False,0.138,74.318,0.0503,0.153,0.837,-21.877,Minor,2.0,Fsharp/Gflat,"WHEN WE ALL FALL ASLEEP, WHERE DO WE GO?",2019
Señorita,Shawn Mendes,82,False,0.548,116.967,0.749,0.759,0.0392,-6.049,Minor,3.2,A,Shawn Mendes (Deluxe),2019
Lost In Japan,Shawn Mendes,53,False,0.738,105.049,0.381,0.711,0.264,-6.908,Major,3.3,Asharp/Bflat,Shawn Mendes (Deluxe),2019
If I Can't Have You,Shawn Mendes,75,False,0.823,123.935,0.87,0.691,0.487,-4.197,Major,3.2,D,Shawn Mendes (Deluxe),2019
In My Blood,Shawn Mendes,52,False,0.712,140.022,0.459,0.625,0.0542,-7.355,Major,3.5,F,Shawn Mendes (Deluxe),2019
Fallin' All In You,Shawn Mendes,51,False,0.481,92.031,0.761,0.856,0.414,-6.761,Major,3.9,Gsharp/Aflat,Shawn Mendes (Deluxe),2019
Where Were You In The Morning?,Shawn Mendes,48,False,0.507,87.989,0.479,0.717,0.557,-7.525,Major,3.3,G,Shawn Mendes (Deluxe),2019
Nervous,Shawn Mendes,47,False,0.627,121.96,0.732,0.844,0.0376,-6.753,Major,2.7,C,Shawn Mendes (Deluxe),2019
Like To Be You (feat. Julia Michaels),Shawn Mendes,46,False,0.444,153.754,0.628,0.737,0.799,-9.382,Major,2.7,D,Shawn Mendes (Deluxe),2019
Particular Taste,Shawn Mendes,45,False,0.351,111.954,0.585,0.968,0.0455,-7.084,Major,2.9,A,Shawn Mendes (Deluxe),2019
Because I Had You,Shawn Mendes,46,False,0.323,203.709,0.713,0.633,0.305,-9.723,Major,2.4,G,Shawn Mendes (Deluxe),2019
Why,Shawn Mendes,47,False,0.426,127.022,0.213,0.693,0.659,-9.226,Minor,4.0,F,Shawn Mendes (Deluxe),2019
Youth (feat. Khalid),Shawn Mendes,47,False,0.596,100.028,0.325,0.618,0.558,-6.663,Minor,3.2,B,Shawn Mendes (Deluxe),2019
Perfectly Wrong,Shawn Mendes,46,False,0.307,77.724,0.318,0.447,0.87,-11.773,Minor,3.5,D,Shawn Mendes (Deluxe),2019
Mutual,Shawn Mendes,45,False,0.476,115.012,0.814,0.917,0.242,-6.689,Minor,2.5,B,Shawn Mendes (Deluxe),2019
Queen,Shawn Mendes,43,False,0.682,131.024,0.931,0.881,0.202,-7.297,Major,3.4,Csharp/Dflat,Shawn Mendes (Deluxe),2019
When You're Ready,Shawn Mendes,45,False,0.479,171.218,0.662,0.438,0.777,-8.888,Major,2.8,F,Shawn Mendes (Deluxe),2019
imagine,Ariana Grande,70,True,0.475,62.52,0.371,0.729,0.378,-4.985,Major,3.5,Gsharp/Aflat,"thank u, next",2019
needy,Ariana Grande,73,True,0.309,87.045,0.195,0.647,0.78,-7.948,Minor,2.9,G,"thank u, next",2019
NASA,Ariana Grande,66,False,0.458,75.029,0.47,0.747,0.451,-6.891,Major,3.0,Fsharp/Gflat,"thank u, next",2019
bloodline,Ariana Grande,71,True,0.665,151.976,0.643,0.758,0.0815,-5.188,Minor,3.6,D,"thank u, next",2019
fake smile,Ariana Grande,66,True,0.619,83.3,0.427,0.45,0.329,-7.412,Major,3.5,A,"thank u, next",2019
bad idea,Ariana Grande,68,False,0.579,137.998,0.569,0.847,0.0268,-5.314,Major,4.5,Csharp/Dflat,"thank u, next",2019
make up,Ariana Grande,64,True,0.714,105.137,0.477,0.671,0.0844,-5.373,Major,2.3,G,"thank u, next",2019
ghostin,Ariana Grande,69,False,0.364,103.777,0.11,0.287,0.418,-8.295,Major,4.5,A,"thank u, next",2019
in my head,Ariana Grande,72,True,0.6,134.979,0.331,0.662,0.173,-6.402,Major,3.7,C,"thank u, next",2019
7 rings,Ariana Grande,86,True,0.317,140.048,0.327,0.778,0.592,-10.732,Minor,3.0,Csharp/Dflat,"thank u, next",2019
"thank u, next",Ariana Grande,83,True,0.653,106.966,0.412,0.717,0.229,-5.634,Major,3.5,Csharp/Dflat,"thank u, next",2019
"break up with your girlfriend, i'm bored",Ariana Grande,78,True,0.554,169.999,0.335,0.726,0.0421,-5.29,Minor,3.2,F,"thank u, next",2019
Hollywood's Bleeding,Post Malone,78,False,0.646,130.218,0.17,0.405,0.331,-3.206,Minor,2.6,E,Hollywood's Bleeding,2019
Saint-Tropez,Post Malone,75,True,0.684,132.113,0.295,0.617,0.0545,-3.618,Major,2.5,C,Hollywood's Bleeding,2019
Enemies (feat. DaBaby),Post Malone,71,True,0.674,76.388,0.667,0.542,0.0588,-4.169,Major,3.3,Fsharp/Gflat,Hollywood's Bleeding,2019
Allergic,Post Malone,65,True,0.741,144.968,0.57,0.665,0.154,-3.694,Major,2.6,C,Hollywood's Bleeding,2019
A Thousand Bad Times,Post Malone,69,True,0.732,159.0,0.317,0.632,0.105,-3.498,Major,3.7,Fsharp/Gflat,Hollywood's Bleeding,2019
Circles,Post Malone,89,False,0.762,120.042,0.553,0.695,0.192,-3.497,Major,3.6,C,Hollywood's Bleeding,2019
Die For Me (feat. Future & Halsey),Post Malone,72,True,0.66,145.01,0.452,0.614,0.19,-2.848,Major,4.1,C,Hollywood's Bleeding,2019
On The Road (feat. Meek Mill & Lil Baby),Post Malone,70,True,0.737,112.93,0.21,0.442,0.0589,-5.046,Major,3.6,G,Hollywood's Bleeding,2019
Take What You Want (feat. Ozzy Osbourne & Travis Scott),Post Malone,77,False,0.8,139.919,0.272,0.499,0.0906,-2.665,Minor,3.8,Csharp/Dflat,Hollywood's Bleeding,2019
I'm Gonna Be,Post Malone,68,True,0.559,117.943,0.368,0.746,0.703,-4.008,Major,3.3,F,Hollywood's Bleeding,2019
Staring At The Sun (feat. SZA),Post Malone,69,True,0.772,95.074,0.347,0.724,0.25,-4.389,Minor,2.8,Fsharp/Gflat,Hollywood's Bleeding,2019
Sunflower - Spider-Man: Into the Spider-Verse,Post Malone,87,False,0.522,89.96,0.925,0.755,0.533,-4.368,Major,2.6,D,Hollywood's Bleeding,2019
Internet,Post Malone,61,True,0.489,74.013,0.201,0.469,0.841,-6.071,Major,2.1,C,Hollywood's Bleeding,2019
Goodbyes (feat. Young Thug),Post Malone,82,True,0.653,150.068,0.163,0.548,0.456,-3.875,Major,2.9,F,Hollywood's Bleeding,2019
Myself,Post Malone,66,True,0.701,163.882,0.405,0.476,0.102,-4.234,Major,2.6,C,Hollywood's Bleeding,2019
I Know,Post Malone,68,True,0.603,102.94,0.262,0.666,0.497,-5.671,Major,2.4,Csharp/Dflat,Hollywood's Bleeding,2019
Wow.,Post Malone,84,True,0.539,99.96,0.388,0.829,0.136,-7.359,Minor,2.5,B,Hollywood's Bleeding,2019
Higher Love,Kygo,77,False,0.678,103.952,0.404,0.693,0.0151,-7.159,Major,3.8,Gsharp/Aflat,Higher Love,2019
Ashley,Halsey,49,True,0.531,125.014,0.366,0.663,0.137,-6.339,Major,3.1,G,Manic,2019
clementine,Halsey,47,False,0.437,143.263,0.48,0.533,0.885,-7.659,Minor,3.9,Dsharp/Eflat,Manic,2019
Graveyard,Halsey,68,False,0.583,92.043,0.187,0.667,0.231,-5.127,Minor,3.0,B,Manic,2019
You should be sad,Halsey,73,True,0.585,110.94,0.324,0.591,0.143,-6.35,Major,3.4,D,Manic,2019
Forever ... (is a long time),Halsey,45,False,0.265,70.028,0.291,0.509,0.746,-9.716,Minor,2.8,D,Manic,2019
Dominic’s Interlude,Halsey,59,False,0.368,157.885,0.707,0.406,0.784,-6.31,Major,1.3,Asharp/Bflat,Manic,2019
I HATE EVERYBODY,Halsey,49,False,0.197,79.504,0.559,0.679,0.137,-7.078,Major,2.9,F,Manic,2019
3am,Halsey,56,True,0.871,189.76,0.538,0.385,0.00906,-4.604,Minor,3.9,C,Manic,2019
Without Me,Halsey,84,True,0.488,136.041,0.533,0.752,0.297,-7.05,Major,3.4,Fsharp/Gflat,Manic,2019
Finally // beautiful stranger,Halsey,56,False,0.55,133.976,0.123,0.626,0.051,-5.105,Minor,3.7,A,Manic,2019
Alanis’ Interlude,Halsey,48,True,0.89,94.013,0.45,0.705,0.00947,-4.356,Major,2.7,C,Manic,2019
killing boys,Halsey,54,True,0.898,139.993,0.684,0.685,0.243,-5.796,Major,2.4,B,Manic,2019
SUGA's Interlude,Halsey,66,False,0.732,153.836,0.246,0.55,0.0864,-6.88,Major,2.3,C,Manic,2019
More,Halsey,50,False,0.224,170.795,0.172,0.399,0.635,-11.19,Major,2.6,B,Manic,2019
Still Learning,Halsey,57,False,0.661,102.046,0.317,0.708,0.0396,-6.543,Minor,3.5,C,Manic,2019
929,Halsey,48,True,0.317,150.152,0.617,0.642,0.935,-9.325,Major,2.9,A,Manic,2019
Giant (with Rag'n'Bone Man),Calvin Harris,74,False,0.887,122.015,0.606,0.807,0.016,-4.311,Minor,3.8,Csharp/Dflat,Giant (with Rag'n'Bone Man),2019
Intro,Cast,16,False,0.925,101.225,0.0426,0.232,0.908,-19.327,Minor,0.3,A,A Star Is Born Soundtrack,2019
Black Eyes,Bradley Cooper,56,False,0.937,150.242,0.46,0.373,0.000811,-2.133,Minor,3.1,B,A Star Is Born Soundtrack,2019
Somewhere Over The Rainbow - Dialogue,Cast,49,False,0.22,150.884,0.334,0.283,0.953,-22.951,Major,0.7,F,A Star Is Born Soundtrack,2019
Fabulous French - Dialogue,Cast,8,False,0.7,101.59,0.863,0.514,0.807,-11.251,Major,0.3,G,A Star Is Born Soundtrack,2019
La Vie En Rose,Lady Gaga,57,False,0.405,76.18,0.335,0.276,0.758,-7.296,Major,3.0,Gsharp/Aflat,A Star Is Born Soundtrack,2019
I'll Wait For You - Dialogue,Cast,8,False,0.128,116.575,0.648,0.718,0.858,-21.699,Major,0.3,Fsharp/Gflat,A Star Is Born Soundtrack,2019
Maybe It's Time,Bradley Cooper,59,False,0.282,79.776,0.359,0.699,0.798,-7.65,Major,2.7,G,A Star Is Born Soundtrack,2019
Parking Lot - Dialogue,Cast,49,False,0.384,133.153,0.386,0.535,0.766,-21.937,Major,0.5,Gsharp/Aflat,A Star Is Born Soundtrack,2019
Out Of Time,Bradley Cooper,51,False,0.915,99.983,0.359,0.584,0.173,-7.339,Major,2.9,C,A Star Is Born Soundtrack,2019
Alibi,Bradley Cooper,52,False,0.787,175.693,0.636,0.285,0.0145,-3.641,Minor,3.1,A,A Star Is Born Soundtrack,2019
Trust Me - Dialogue,Cast,46,True,0.545,90.836,0.832,0.423,0.895,-14.211,Minor,0.5,C,A Star Is Born Soundtrack,2019
Shallow,Lady Gaga,86,False,0.385,95.799,0.323,0.572,0.371,-6.362,Major,3.6,G,A Star Is Born Soundtrack,2019
Music To My Eyes,Lady Gaga,56,False,0.356,114.805,0.325,0.625,0.392,-9.044,Major,3.3,D,A Star Is Born Soundtrack,2019
Diggin' My Grave,Lady Gaga,53,False,0.612,93.964,0.561,0.684,0.171,-4.653,Minor,4.0,A,A Star Is Born Soundtrack,2019
I Love You - Dialogue,Cast,10,False,0.979,119.841,0.185,0.267,0.695,-13.05,Major,0.3,Fsharp/Gflat,A Star Is Born Soundtrack,2019
Always Remember Us This Way,Lady Gaga,72,False,0.502,129.976,0.296,0.553,0.299,-5.972,Major,3.5,C,A Star Is Born Soundtrack,2019
Unbelievable - Dialogue,Cast,12,False,0.517,56.94,0.715,0.524,0.727,-12.84,Major,0.5,Csharp/Dflat,A Star Is Born Soundtrack,2019
Look What I Found,Lady Gaga,62,False,0.493,97.012,0.447,0.849,0.456,-4.1,Minor,2.9,Csharp/Dflat,A Star Is Born Soundtrack,2019
Memphis - Dialogue,Cast,10,False,0.159,126.483,0.893,0.83,0.4,-21.566,Minor,0.4,F,A Star Is Born Soundtrack,2019
Heal Me,Lady Gaga,56,False,0.544,86.013,0.456,0.606,0.0481,-8.36,Minor,3.3,A,A Star Is Born Soundtrack,2019
I Don't Know What Love Is,Lady Gaga,59,False,0.535,62.671,0.221,0.421,0.348,-6.556,Major,3.0,C,A Star Is Born Soundtrack,2019
Is That Alright?,Lady Gaga,63,False,0.279,102.727,0.263,0.557,0.868,-7.757,Major,3.2,Fsharp/Gflat,A Star Is Born Soundtrack,2019
Why Did You Do That?,Lady Gaga,50,False,0.548,116.008,0.445,0.792,0.0304,-5.484,Minor,3.1,B,A Star Is Born Soundtrack,2019
Hair Body Face,Lady Gaga,47,False,0.457,115.009,0.401,0.863,0.0103,-6.422,Minor,3.4,E,A Star Is Born Soundtrack,2019
Scene 98 - Dialogue,Cast,43,True,0.139,65.859,0.562,0.728,0.546,-20.819,Major,0.6,G,A Star Is Born Soundtrack,2019
Before I Cry,Lady Gaga,49,False,0.56,146.41,0.167,0.48,0.157,-5.196,Major,4.3,D,A Star Is Born Soundtrack,2019
Too Far Gone,Bradley Cooper,47,False,0.482,67.479,0.342,0.565,0.0385,-6.621,Major,1.4,G,A Star Is Born Soundtrack,2019
Twelve Notes - Dialogue,Cast,43,False,0.26,81.57,0.615,0.505,0.101,-25.521,Major,1.1,B,A Star Is Born Soundtrack,2019
I'll Never Love Again - Film Version,Lady Gaga,71,False,0.34,110.502,0.221,0.451,0.763,-7.466,Major,4.7,G,A Star Is Born Soundtrack,2019
I'll Never Love Again - Extended Version,Lady Gaga,66,False,0.359,109.246,0.202,0.406,0.685,-6.145,Major,5.5,G,A Star Is Born Soundtrack,2019
Ride It,Regard,82,False,0.751,117.948,0.884,0.88,0.177,-4.258,Minor,2.6,G,Ride It,2019
Grace,Lewis Capaldi,73,False,0.565,104.483,0.488,0.722,0.435,-5.848,Major,3.1,E,Divinely Uninspired To A Hellish Extent,2019
Bruises,Lewis Capaldi,82,False,0.308,111.202,0.361,0.736,0.946,-7.83,Major,3.7,E,Divinely Uninspired To A Hellish Extent,2019
Hold Me While You Wait,Lewis Capaldi,79,False,0.53,106.958,0.162,0.688,0.443,-5.507,Major,3.4,B,Divinely Uninspired To A Hellish Extent,2019
Someone You Loved,Lewis Capaldi,90,False,0.405,109.891,0.446,0.501,0.751,-5.679,Major,3.0,Csharp/Dflat,Divinely Uninspired To A Hellish Extent,2019
Maybe,Lewis Capaldi,57,True,0.636,96.966,0.341,0.681,0.65,-5.485,Major,3.5,E,Divinely Uninspired To A Hellish Extent,2019
Forever,Lewis Capaldi,76,False,0.355,84.988,0.364,0.646,0.873,-7.119,Major,3.5,Csharp/Dflat,Divinely Uninspired To A Hellish Extent,2019
One,Lewis Capaldi,68,False,0.339,117.995,0.512,0.708,0.834,-7.085,Major,3.0,A,Divinely Uninspired To A Hellish Extent,2019
Don't Get Me Wrong,Lewis Capaldi,55,False,0.324,79.858,0.137,0.57,0.837,-7.866,Major,3.6,E,Divinely Uninspired To A Hellish Extent,2019
Hollywood,Lewis Capaldi,59,False,0.669,125.038,0.732,0.723,0.553,-4.897,Major,3.2,Asharp/Bflat,Divinely Uninspired To A Hellish Extent,2019
Lost On You,Lewis Capaldi,63,False,0.282,125.522,0.382,0.555,0.889,-8.228,Major,3.3,Asharp/Bflat,Divinely Uninspired To A Hellish Extent,2019
Fade,Lewis Capaldi,57,True,0.487,138.46,0.126,0.41,0.328,-7.663,Major,4.1,G,Divinely Uninspired To A Hellish Extent,2019
Headspace,Lewis Capaldi,54,False,0.228,146.881,0.194,0.368,0.865,-9.183,Major,5.1,B,Divinely Uninspired To A Hellish Extent,2019
Poison,Freya Ridings,33,False,0.579,120.904,0.0715,0.407,0.411,-5.729,Major,4.1,G,Freya Ridings,2019
Lost Without You,Freya Ridings,70,False,0.136,67.016,0.0976,0.386,0.932,-9.267,Major,3.8,Fsharp/Gflat,Freya Ridings,2019
Castles,Freya Ridings,61,False,0.752,116.945,0.429,0.672,0.0046,-4.866,Major,3.5,E,Freya Ridings,2019
You Mean The World To Me,Freya Ridings,48,False,0.279,160.839,0.151,0.317,0.557,-7.363,Major,3.2,Dsharp/Eflat,Freya Ridings,2019
Love Is Fire,Freya Ridings,38,False,0.813,129.806,0.14,0.594,0.0568,-4.304,Major,3.5,Gsharp/Aflat,Freya Ridings,2019
Holy Water,Freya Ridings,38,False,0.652,123.529,0.317,0.559,0.182,-3.459,Major,3.7,F,Freya Ridings,2019
Blackout,Freya Ridings,49,False,0.176,139.793,0.182,0.324,0.848,-8.752,Major,2.9,Fsharp/Gflat,Freya Ridings,2019
Ultraviolet,Freya Ridings,45,False,0.432,67.833,0.154,0.292,0.588,-7.423,Minor,3.6,C,Freya Ridings,2019
Still Have You,Freya Ridings,41,False,0.31,152.462,0.235,0.359,0.895,-3.723,Major,3.9,F,Freya Ridings,2019
Unconditional,Freya Ridings,45,False,0.216,119.082,0.278,0.402,0.919,-7.777,Major,3.3,D,Freya Ridings,2019
Elephant,Freya Ridings,37,False,0.21,94.582,0.202,0.486,0.909,-6.395,Minor,3.2,G,Freya Ridings,2019
Wishbone,Freya Ridings,29,False,0.123,125.218,0.291,0.433,0.979,-10.543,Major,3.2,A,Freya Ridings,2019
Norman fucking Rockwell,Lana Del Rey,79,True,0.203,78.287,0.143,0.215,0.968,-12.65,Major,4.1,F,Norman Fucking Rockwell!,2019
Mariners Apartment Complex,Lana Del Rey,74,True,0.252,76.054,0.159,0.531,0.763,-12.765,Major,4.1,A,Norman Fucking Rockwell!,2019
Venice Bitch,Lana Del Rey,71,True,0.286,77.826,0.312,0.368,0.913,-13.031,Minor,9.6,A,Norman Fucking Rockwell!,2019
Fuck it I love you,Lana Del Rey,73,True,0.452,129.974,0.175,0.534,0.895,-10.732,Minor,3.6,A,Norman Fucking Rockwell!,2019
Doin' Time,Lana Del Rey,85,True,0.559,144.982,0.523,0.641,0.404,-11.132,Minor,3.4,G,Norman Fucking Rockwell!,2019
Love song,Lana Del Rey,71,True,0.0701,63.425,0.288,0.384,0.966,-16.512,Major,3.8,A,Norman Fucking Rockwell!,2019
Cinnamon Girl,Lana Del Rey,85,False,0.337,91.781,0.135,0.294,0.814,-10.614,Minor,5.0,Fsharp/Gflat,Norman Fucking Rockwell!,2019
How to disappear,Lana Del Rey,76,False,0.304,78.997,0.065,0.538,0.613,-11.79,Major,3.8,A,Norman Fucking Rockwell!,2019
California,Lana Del Rey,69,False,0.41,123.758,0.195,0.449,0.761,-8.067,Minor,5.1,A,Norman Fucking Rockwell!,2019
The Next Best American Record,Lana Del Rey,65,False,0.354,108.083,0.118,0.569,0.616,-9.862,Major,5.8,D,Norman Fucking Rockwell!,2019
The greatest,Lana Del Rey,69,True,0.226,79.142,0.196,0.443,0.939,-12.507,Minor,5.0,D,Norman Fucking Rockwell!,2019
Bartender,Lana Del Rey,66,False,0.102,131.773,0.494,0.582,0.924,-14.712,Minor,4.4,A,Norman Fucking Rockwell!,2019
Happiness is a butterfly,Lana Del Rey,80,False,0.119,70.499,0.156,0.467,0.969,-10.99,Major,4.5,D,Norman Fucking Rockwell!,2019
hope is a dangerous thing for a woman like me to have - but I have it,Lana Del Rey,69,True,0.104,86.675,0.278,0.49,0.964,-13.208,Minor,5.4,E,Norman Fucking Rockwell!,2019
3 Nights,Dominic Fike,77,False,0.518,151.891,0.877,0.815,0.223,-6.594,Minor,3.0,G,"Don't Forget About Me, Demos",2019
She Wants My Money,Dominic Fike,49,True,0.478,128.789,0.42,0.704,0.771,-6.562,Major,2.2,A,"Don't Forget About Me, Demos",2019
Babydoll,Dominic Fike,50,False,0.604,168.007,0.847,0.762,0.114,-5.296,Minor,1.6,G,"Don't Forget About Me, Demos",2019
Westcoast Collective,Dominic Fike,54,False,0.571,91.97,0.539,0.682,0.542,-7.169,Minor,1.8,Csharp/Dflat,"Don't Forget About Me, Demos",2019
Socks,Dominic Fike,45,False,0.485,119.999,0.45,0.729,0.573,-6.925,Major,2.2,G,"Don't Forget About Me, Demos",2019
King of Everything,Dominic Fike,52,False,0.474,167.064,0.571,0.636,0.784,-8.096,Major,3.2,F,"Don't Forget About Me, Demos",2019
Piece Of Your Heart,MEDUZA,79,False,0.744,124.08,0.631,0.677,0.0404,-6.806,Minor,2.5,Asharp/Bflat,Piece Of Your Heart,2019
Give A Little,Maggie Rogers,57,False,0.695,199.95,0.766,0.618,0.211,-5.415,Major,3.8,G,Heard It In A Past Life,2019
Overnight,Maggie Rogers,58,False,0.667,177.958,0.734,0.479,0.0323,-5.429,Major,3.3,Gsharp/Aflat,Heard It In A Past Life,2019
The Knife,Maggie Rogers,52,False,0.753,95.036,0.786,0.664,0.0538,-4.734,Minor,4.0,B,Heard It In A Past Life,2019
Alaska,Maggie Rogers,72,False,0.386,104.001,0.178,0.847,0.411,-10.668,Minor,3.1,A,Heard It In A Past Life,2019
Light On,Maggie Rogers,70,False,0.569,102.054,0.399,0.657,0.201,-6.287,Major,3.9,D,Heard It In A Past Life,2019
Past Life,Maggie Rogers,48,False,0.099,110.34,0.263,0.483,0.937,-11.179,Minor,3.6,A,Heard It In A Past Life,2019
Say It,Maggie Rogers,60,False,0.496,84.912,0.248,0.557,0.208,-7.184,Major,3.7,Asharp/Bflat,Heard It In A Past Life,2019
On + Off,Maggie Rogers,56,False,0.592,129.958,0.255,0.593,0.293,-6.162,Major,3.7,E,Heard It In A Past Life,2019
Fallingwater,Maggie Rogers,63,False,0.322,86.929,0.453,0.389,0.613,-8.933,Major,4.5,D,Heard It In A Past Life,2019
Retrograde,Maggie Rogers,52,True,0.774,101.01,0.326,0.73,0.00373,-5.5,Major,4.2,Csharp/Dflat,Heard It In A Past Life,2019
Burning,Maggie Rogers,58,False,0.688,110.045,0.282,0.735,0.21,-5.471,Major,3.6,F,Heard It In A Past Life,2019
Back In My Body,Maggie Rogers,53,False,0.753,163.951,0.276,0.442,0.343,-6.073,Major,4.2,E,Heard It In A Past Life,2019
Nothing Breaks Like a Heart (feat. Miley Cyrus),Mark Ronson,77,False,0.794,114.066,0.244,0.601,0.00987,-5.844,Minor,3.6,G,Nothing Breaks Like a Heart (feat. Miley Cyrus),2019
Sorry,Joel Corry,64,False,0.79,125.002,0.847,0.744,0.0547,-4.617,Minor,3.1,Gsharp/Aflat,Sorry,2019
Mother's Daughter,Miley Cyrus,69,True,0.866,91.017,0.527,0.682,0.00461,-4.132,Minor,3.7,Fsharp/Gflat,SHE IS COMING,2019
Unholy,Miley Cyrus,60,False,0.534,141.984,0.206,0.824,0.0357,-4.679,Minor,2.2,E,SHE IS COMING,2019
D.R.E.A.M. (feat. Ghostface Killah),Miley Cyrus,56,True,0.637,160.029,0.449,0.686,0.185,-5.127,Major,2.8,C,SHE IS COMING,2019
Cattitude (feat. RuPaul),Miley Cyrus,49,True,0.843,121.065,0.736,0.801,0.00766,-5.698,Minor,3.2,Fsharp/Gflat,SHE IS COMING,2019
Party Up The Street,Miley Cyrus,54,False,0.615,100.986,0.305,0.745,0.41,-7.325,Major,3.6,Csharp/Dflat,SHE IS COMING,2019
The Most,Miley Cyrus,54,False,0.613,100.051,0.215,0.571,0.449,-6.887,Major,3.7,G,SHE IS COMING,2019
Slide Away,Miley Cyrus,71,False,0.538,148.016,0.289,0.534,0.173,-6.673,Major,3.9,F,SHE IS COMING,2019
Wish You Well,Sigala,62,False,0.895,124.975,0.576,0.669,0.128,-3.787,Minor,3.4,F,Wish You Well,2019
Cuz I Love You,Lizzo,34,False,0.659,162.178,0.519,0.565,0.0159,-4.057,Major,3.0,Csharp/Dflat,Cuz I Love You (Super Deluxe),2019
Like a Girl,Lizzo,33,False,0.813,144.019,0.806,0.696,0.012,-3.042,Major,3.1,D,Cuz I Love You (Super Deluxe),2019
Juice,Lizzo,45,False,0.885,119.908,0.831,0.766,0.00666,-3.001,Major,3.2,C,Cuz I Love You (Super Deluxe),2019
Soulmate,Lizzo,31,False,0.845,99.016,0.773,0.702,0.00485,-4.854,Major,2.9,G,Cuz I Love You (Super Deluxe),2019
Jerome,Lizzo,39,False,0.542,150.979,0.534,0.674,0.0476,-6.983,Major,3.9,Gsharp/Aflat,Cuz I Love You (Super Deluxe),2019
Crybaby,Lizzo,29,False,0.719,131.027,0.722,0.623,0.0383,-3.331,Minor,2.9,B,Cuz I Love You (Super Deluxe),2019
Tempo (feat. Missy Elliott),Lizzo,29,False,0.739,107.007,0.636,0.826,0.0594,-5.641,Major,2.9,Csharp/Dflat,Cuz I Love You (Super Deluxe),2019
Exactly How I Feel (feat. Gucci Mane),Lizzo,24,False,0.728,112.95,0.845,0.863,0.108,-3.332,Major,2.4,D,Cuz I Love You (Super Deluxe),2019
Better in Color,Lizzo,52,False,0.928,129.894,0.556,0.702,0.0353,-2.039,Major,2.2,G,Cuz I Love You (Super Deluxe),2019
Heaven Help Me,Lizzo,22,False,0.787,116.27,0.165,0.49,0.0202,-5.136,Major,3.4,C,Cuz I Love You (Super Deluxe),2019
Lingerie,Lizzo,32,False,0.488,132.077,0.628,0.681,0.215,-5.314,Major,3.4,C,Cuz I Love You (Super Deluxe),2019
Boys,Lizzo,63,False,0.588,120.042,0.753,0.892,0.00319,-4.287,Minor,2.9,Csharp/Dflat,Cuz I Love You (Super Deluxe),2019
Truth Hurts,Lizzo,47,False,0.626,158.08,0.39,0.713,0.111,-2.891,Minor,2.9,E,Cuz I Love You (Super Deluxe),2019
Water Me,Lizzo,58,False,0.966,113.046,0.77,0.67,0.0292,-1.994,Minor,3.1,Dsharp/Eflat,Cuz I Love You (Super Deluxe),2019
Good as Hell,Lizzo,76,False,0.919,95.982,0.535,0.682,0.256,-3.18,Minor,2.7,C,Cuz I Love You (Super Deluxe),2019
Good as Hell (feat. Ariana Grande),Lizzo,63,False,0.892,95.927,0.478,0.668,0.298,-3.001,Minor,2.7,F,Cuz I Love You (Super Deluxe),2019
Dancing With A Stranger (with Normani),Sam Smith,75,False,0.52,102.998,0.347,0.741,0.45,-7.513,Major,2.9,Gsharp/Aflat,Dancing With A Stranger (with Normani),2019
Angels,Tom Walker,45,False,0.689,160.949,0.735,0.583,0.301,-6.056,Minor,3.5,A,What a Time To Be Alive,2019
Leave a Light On,Tom Walker,71,False,0.625,68.68,0.28,0.585,0.0146,-5.94,Major,3.1,F,What a Time To Be Alive,2019
Not Giving In,Tom Walker,47,False,0.724,159.961,0.485,0.471,0.632,-7.174,Minor,3.8,D,What a Time To Be Alive,2019
How Can You Sleep at Night?,Tom Walker,42,False,0.708,155.418,0.317,0.446,0.147,-8.38,Minor,3.6,Csharp/Dflat,What a Time To Be Alive,2019
Now You're Gone (feat. Zara Larsson),Tom Walker,50,False,0.721,101.503,0.233,0.644,0.629,-8.495,Minor,3.5,A,What a Time To Be Alive,2019
My Way,Tom Walker,40,False,0.682,75.004,0.264,0.59,0.0184,-5.646,Major,3.9,Gsharp/Aflat,What a Time To Be Alive,2019
Blessings,Tom Walker,41,False,0.507,79.285,0.572,0.53,0.798,-6.766,Major,3.3,A,What a Time To Be Alive,2019
Cry Out,Tom Walker,35,False,0.666,66.969,0.455,0.613,0.161,-8.259,Minor,3.4,Gsharp/Aflat,What a Time To Be Alive,2019
Dominoes,Tom Walker,33,False,0.611,160.07,0.644,0.6,0.0218,-6.445,Minor,4.1,D,What a Time To Be Alive,2019
Fade Away,Tom Walker,35,False,0.267,133.274,0.151,0.414,0.825,-9.58,Minor,4.7,C,What a Time To Be Alive,2019
Just You and I - Acoustic,Tom Walker,64,False,0.52,171.895,0.383,0.477,0.679,-7.582,Major,3.3,A,What a Time To Be Alive,2019
The Show,Tom Walker,32,False,0.501,81.907,0.269,0.68,0.527,-8.669,Major,4.8,Fsharp/Gflat,What a Time To Be Alive,2019
Walk Alone (feat. Tom Walker),Rudimental,35,False,0.714,94.018,0.557,0.586,0.161,-5.003,Major,3.4,B,What a Time To Be Alive,2019
Just You and I,Tom Walker,68,False,0.696,92.061,0.544,0.567,0.456,-5.416,Major,2.9,A,What a Time To Be Alive,2019
Peace Of Mind (feat. Vargas & Lagola),Avicii,51,False,0.624,110.003,0.278,0.461,0.11,-8.034,Minor,3.0,E,TIM,2019
Heaven,Avicii,68,False,0.873,122.011,0.516,0.592,0.0715,-5.65,Major,4.6,A,TIM,2019
SOS (feat. Aloe Blacc),Avicii,75,False,0.645,100.001,0.376,0.802,0.272,-6.181,Minor,2.6,F,TIM,2019
"Tough Love (feat. Agnes, Vargas & Lagola)",Avicii,58,False,0.754,108.17,0.621,0.402,0.143,-4.837,Major,3.2,Gsharp/Aflat,TIM,2019
Bad Reputation (feat. Joe Janiak),Avicii,60,False,0.637,89.995,0.446,0.745,0.656,-5.959,Major,3.4,C,TIM,2019
Ain't A Thing (feat. Bonn),Avicii,50,True,0.423,170.162,0.245,0.454,0.544,-7.286,Major,3.1,A,TIM,2019
Hold The Line (feat. A R I Z O N A),Avicii,63,False,0.554,98.045,0.372,0.648,0.329,-7.005,Major,2.9,A,TIM,2019
Freak (feat. Bonn),Avicii,52,True,0.576,91.204,0.695,0.405,0.225,-6.245,Major,3.0,Gsharp/Aflat,TIM,2019
Excuse Me Mr Sir (feat. Vargas & Lagola),Avicii,47,True,0.672,114.708,0.492,0.464,0.127,-6.064,Major,3.1,D,TIM,2019
Heart Upon My Sleeve (feat. Imagine Dragons),Avicii,62,False,0.601,126.06,0.38,0.588,0.316,-5.983,Minor,4.2,E,TIM,2019
Never Leave Me (feat. Joe Janiak),Avicii,50,False,0.662,82.368,0.45,0.629,0.303,-5.581,Major,2.9,E,TIM,2019
Fades Away (feat. Noonie Bao),Avicii,57,False,0.525,134.236,0.225,0.53,0.228,-8.319,Major,3.0,C,TIM,2019
Boasty (feat. Idris Elba),Wiley,65,True,0.765,102.958,0.456,0.887,0.00915,-5.207,Major,3.0,D,Boasty (feat. Idris Elba),2019
Dance Monkey - Stripped Back,Tones And I,52,False,0.212,83.245,0.574,0.664,0.931,-7.762,Minor,2.9,Fsharp/Gflat,Dance Monkey (Stripped Back) / Dance Monkey,2019
Dance Monkey,Tones And I,79,False,0.588,98.027,0.513,0.824,0.692,-6.4,Minor,3.5,Fsharp/Gflat,Dance Monkey (Stripped Back) / Dance Monkey,2019
Psycho,Dave,64,True,0.589,94.016,0.58,0.696,0.516,-7.233,Major,4.1,D,PSYCHODRAMA,2019
Streatham,Dave,66,True,0.621,124.015,0.638,0.892,0.496,-7.67,Major,3.4,D,PSYCHODRAMA,2019
Black,Dave,56,True,0.757,81.584,0.334,0.495,0.359,-7.15,Major,3.8,G,PSYCHODRAMA,2019
Purple Heart,Dave,56,True,0.791,142.084,0.666,0.714,0.123,-6.754,Minor,2.7,Csharp/Dflat,PSYCHODRAMA,2019
Location (feat. Burna Boy),Dave,80,True,0.496,109.979,0.55,0.812,0.271,-5.969,Minor,4.0,A,PSYCHODRAMA,2019
Disaster (feat. J Hus),Dave,64,True,0.761,91.108,0.706,0.727,0.619,-5.686,Minor,4.0,C,PSYCHODRAMA,2019
Screwface Capital,Dave,72,True,0.56,112.015,0.427,0.914,0.523,-7.56,Major,4.2,C,PSYCHODRAMA,2019
Environment,Dave,60,True,0.491,84.268,0.522,0.497,0.543,-10.133,Minor,3.4,B,PSYCHODRAMA,2019
Lesley (feat. Ruelle),Dave,60,True,0.466,88.672,0.509,0.504,0.862,-9.451,Minor,11.1,G,PSYCHODRAMA,2019
Voices,Dave,57,True,0.58,116.942,0.579,0.782,0.181,-7.57,Minor,3.3,B,PSYCHODRAMA,2019
Drama,Dave,53,True,0.478,83.342,0.173,0.509,0.91,-8.744,Minor,7.1,B,PSYCHODRAMA,2019
All Day And Night,Jax Jones,60,False,0.782,121.908,0.521,0.585,0.269,-4.101,Minor,2.8,Csharp/Dflat,All Day And Night (Jax Jones & Martin Solveig Present Europa),2019
Outnumbered,Dermot Kennedy,66,False,0.684,156.85,0.258,0.614,0.247,-5.79,Major,4.1,C,Outnumbered,2019
Plan B,AJ Tracey,39,True,0.619,91.067,0.567,0.84,0.426,-9.324,Minor,3.3,A,AJ Tracey,2019
Jackpot,AJ Tracey,36,True,0.602,127.956,0.62,0.771,0.542,-8.546,Major,3.0,G,AJ Tracey,2019
Rina,AJ Tracey,42,True,0.613,104.849,0.44,0.641,0.288,-11.512,Minor,2.8,B,AJ Tracey,2019
Wifey Riddim 3,AJ Tracey,52,True,0.566,114.039,0.364,0.876,0.212,-9.021,Major,2.9,F,AJ Tracey,2019
Double C's,AJ Tracey,37,True,0.666,142.156,0.41,0.745,0.17,-11.476,Minor,4.1,Fsharp/Gflat,AJ Tracey,2019
Country Star,AJ Tracey,37,True,0.467,142.017,0.511,0.797,0.0481,-10.505,Minor,3.4,B,AJ Tracey,2019
Psych Out!,AJ Tracey,48,True,0.555,77.585,0.335,0.733,0.707,-9.83,Major,2.9,A,AJ Tracey,2019
Butterflies (feat. Not3s),AJ Tracey,61,True,0.717,103.938,0.625,0.759,0.263,-9.439,Minor,3.7,F,AJ Tracey,2019
Necklace (feat. Jay Critch),AJ Tracey,37,True,0.463,136.008,0.327,0.809,0.0613,-11.077,Major,3.8,Csharp/Dflat,AJ Tracey,2019
Prada Me,AJ Tracey,34,True,0.444,147.009,0.662,0.667,0.518,-14.495,Major,3.4,G,AJ Tracey,2019
Ladbroke Grove,AJ Tracey,70,False,0.839,133.989,0.727,0.902,0.0933,-9.447,Minor,3.2,B,AJ Tracey,2019
Doing It,AJ Tracey,41,True,0.84,140.032,0.412,0.741,0.122,-6.712,Major,3.0,Gsharp/Aflat,AJ Tracey,2019
Nothing But Net (feat. Giggs),AJ Tracey,42,True,0.679,139.928,0.435,0.867,0.0273,-9.363,Major,3.1,D,AJ Tracey,2019
Horror Flick,AJ Tracey,31,True,0.936,68.351,0.73,0.563,0.0877,-7.959,Major,2.8,Csharp/Dflat,AJ Tracey,2019
Triple S,AJ Tracey,40,True,0.827,158.994,0.716,0.722,0.00672,-6.536,Major,2.7,Csharp/Dflat,AJ Tracey,2019
I Forgot That You Existed,Taylor Swift,79,False,0.316,92.875,0.541,0.664,0.298,-10.345,Major,2.8,F,Lover,2019
Cruel Summer,Taylor Swift,100,False,0.702,169.994,0.564,0.552,0.117,-5.707,Major,3.0,A,Lover,2019
Lover,Taylor Swift,91,False,0.543,68.534,0.453,0.359,0.492,-7.582,Major,3.7,G,Lover,2019
The Man,Taylor Swift,87,False,0.658,110.048,0.633,0.777,0.0767,-5.191,Major,3.2,C,Lover,2019
The Archer,Taylor Swift,83,False,0.574,124.344,0.166,0.292,0.12,-9.375,Major,3.5,C,Lover,2019
I Think He Knows,Taylor Swift,80,False,0.366,100.003,0.416,0.897,0.00889,-8.029,Major,2.9,C,Lover,2019
Miss Americana & The Heartbreak Prince,Taylor Swift,85,False,0.747,150.088,0.487,0.662,0.028,-6.926,Minor,3.9,B,Lover,2019
Paper Rings,Taylor Swift,87,False,0.719,103.979,0.865,0.811,0.0129,-6.553,Major,3.7,A,Lover,2019
Cornelia Street,Taylor Swift,82,False,0.624,102.012,0.248,0.824,0.781,-9.728,Major,4.8,C,Lover,2019
Death By A Thousand Cuts,Taylor Swift,81,False,0.732,94.071,0.313,0.712,0.454,-6.754,Major,3.3,E,Lover,2019
London Boy,Taylor Swift,82,False,0.71,157.925,0.557,0.695,0.0246,-6.639,Major,3.2,Csharp/Dflat,Lover,2019
Soon You’ll Get Better (feat. The Chicks),Taylor Swift,74,False,0.182,207.476,0.421,0.433,0.907,-12.566,Major,3.4,C,Lover,2019
False God,Taylor Swift,80,False,0.32,79.97,0.351,0.739,0.736,-10.862,Minor,3.3,B,Lover,2019
You Need To Calm Down,Taylor Swift,84,False,0.671,85.026,0.714,0.771,0.00929,-5.617,Major,2.9,D,Lover,2019
Afterglow,Taylor Swift,83,False,0.449,111.011,0.399,0.756,0.13,-8.746,Major,3.7,A,Lover,2019
ME! (feat. Brendon Urie of Panic! At The Disco),Taylor Swift,81,False,0.83,182.162,0.728,0.61,0.033,-4.105,Major,3.2,C,Lover,2019
It’s Nice To Have A Friend,Taylor Swift,74,False,0.175,70.008,0.545,0.737,0.971,-9.912,Major,2.5,Asharp/Bflat,Lover,2019
Daylight,Taylor Swift,85,False,0.496,149.983,0.265,0.557,0.808,-9.602,Major,4.9,C,Lover,2019
Hustle,P!nk,28,False,0.813,97.038,0.559,0.724,0.0564,-5.083,Minor,2.9,A,Hurts 2B Human,2019
(Hey Why) Miss You Sometime,P!nk,23,False,0.767,104.081,0.454,0.699,0.0466,-4.402,Major,3.4,Asharp/Bflat,Hurts 2B Human,2019
Walk Me Home,P!nk,68,False,0.453,88.038,0.432,0.652,0.0519,-6.119,Major,3.0,Csharp/Dflat,Hurts 2B Human,2019
My Attic,P!nk,38,False,0.709,103.966,0.164,0.65,0.0355,-7.146,Major,3.0,G,Hurts 2B Human,2019
90 Days (feat. Wrabel),P!nk,29,False,0.377,66.132,0.366,0.657,0.774,-5.398,Minor,3.8,G,Hurts 2B Human,2019
Hurts 2B Human (feat. Khalid),P!nk,50,False,0.62,83.031,0.158,0.463,0.131,-5.647,Major,3.4,G,Hurts 2B Human,2019
Can We Pretend (feat. Cash Cash),P!nk,54,False,0.806,115.172,0.45,0.524,0.197,-3.447,Minor,3.7,Csharp/Dflat,Hurts 2B Human,2019
Courage,P!nk,42,False,0.913,92.05,0.338,0.511,0.00153,-4.657,Major,4.3,C,Hurts 2B Human,2019
Happy,P!nk,25,False,0.502,135.926,0.328,0.645,0.0163,-6.932,Major,3.0,B,Hurts 2B Human,2019
We Could Have It All,P!nk,36,False,0.836,130.026,0.699,0.688,0.0147,-3.464,Major,4.6,Gsharp/Aflat,Hurts 2B Human,2019
Love Me Anyway (feat. Chris Stapleton),P!nk,65,False,0.321,139.001,0.0673,0.368,0.769,-5.904,Major,3.1,Dsharp/Eflat,Hurts 2B Human,2019
Circle Game,P!nk,23,False,0.364,92.853,0.149,0.415,0.814,-7.065,Major,4.9,G,Hurts 2B Human,2019
The Last Song Of Your Life,P!nk,34,False,0.257,120.083,0.16,0.529,0.611,-7.426,Major,3.9,D,Hurts 2B Human,2019
Don't Call Me Up,Mabel,77,False,0.881,98.994,0.234,0.674,0.296,-2.853,Major,3.0,A,Ivy To Roses (Mixtape),2019
One Shot,Mabel,41,False,0.688,109.541,0.491,0.746,0.144,-5.241,Major,3.9,F,Ivy To Roses (Mixtape),2019
Fine Line,Mabel,54,True,0.618,114.991,0.927,0.567,0.228,-4.974,Minor,3.5,Dsharp/Eflat,Ivy To Roses (Mixtape),2019
Finders Keepers,Mabel,57,False,0.572,108.014,0.644,0.84,0.0508,-6.517,Minor,4.5,E,Ivy To Roses (Mixtape),2019
My Lover - Not3s x Mabel,Not3s,47,False,0.568,106.075,0.597,0.802,0.15,-7.147,Minor,3.2,Fsharp/Gflat,Ivy To Roses (Mixtape),2019
Ring Ring,Jax Jones,44,True,0.646,107.038,0.596,0.821,0.168,-4.867,Minor,3.6,Csharp/Dflat,Ivy To Roses (Mixtape),2019
Cigarette,RAYE,31,True,0.679,115.065,0.543,0.801,0.106,-4.663,Major,3.1,D,Ivy To Roses (Mixtape),2019
Ivy,Mabel,39,True,0.304,122.139,0.423,0.591,0.841,-8.171,Major,3.5,Gsharp/Aflat,Ivy To Roses (Mixtape),2019
Come Over,Mabel,28,True,0.607,153.925,0.623,0.724,0.0383,-6.381,Minor,4.2,F,Ivy To Roses (Mixtape),2019
Begging,Mabel,31,False,0.656,94.448,0.358,0.422,0.0342,-5.059,Minor,3.3,D,Ivy To Roses (Mixtape),2019
Low Key,Mabel,32,False,0.693,96.041,0.705,0.754,0.0307,-5.083,Major,3.8,C,Ivy To Roses (Mixtape),2019
Passionfruit,Mabel,40,False,0.409,109.992,0.269,0.606,0.475,-6.678,Minor,3.0,Gsharp/Aflat,Ivy To Roses (Mixtape),2019
Roses,Mabel,28,True,0.512,86.638,0.332,0.524,0.383,-7.15,Minor,3.8,E,Ivy To Roses (Mixtape),2019
Weapon,Mabel,27,True,0.484,137.881,0.239,0.63,0.0846,-7.606,Minor,3.0,Csharp/Dflat,Ivy To Roses (Mixtape),2019
Finders Keepers - Remix,Mabel,37,False,0.683,107.937,0.564,0.77,0.0832,-5.652,Minor,4.5,E,Ivy To Roses (Mixtape),2019
Future Nostalgia,Dua Lipa,61,False,0.813,114.993,0.859,0.875,0.00618,-4.502,Major,3.1,G,Future Nostalgia (The Moonlight Edition),2019
Don't Start Now,Dua Lipa,71,False,0.793,123.95,0.679,0.793,0.0123,-4.521,Minor,3.1,B,Future Nostalgia (The Moonlight Edition),2019
Cool,Dua Lipa,62,False,0.785,89.719,0.79,0.469,0.133,-4.015,Minor,3.5,F,Future Nostalgia (The Moonlight Edition),2019
Physical,Dua Lipa,69,False,0.844,146.967,0.746,0.647,0.0137,-3.756,Major,3.2,C,Future Nostalgia (The Moonlight Edition),2019
Levitating,Dua Lipa,60,False,0.884,103.014,0.914,0.695,0.0561,-2.278,Minor,3.4,Fsharp/Gflat,Future Nostalgia (The Moonlight Edition),2019
Pretty Please,Dua Lipa,64,False,0.474,106.976,0.656,0.906,0.0311,-6.124,Major,3.2,Csharp/Dflat,Future Nostalgia (The Moonlight Edition),2019
Hallucinate,Dua Lipa,66,False,0.69,122.053,0.627,0.627,0.033,-5.396,Minor,3.5,Asharp/Bflat,Future Nostalgia (The Moonlight Edition),2019
Love Again,Dua Lipa,70,False,0.667,115.982,0.468,0.659,0.00173,-4.668,Minor,4.3,B,Future Nostalgia (The Moonlight Edition),2019
Break My Heart,Dua Lipa,67,False,0.729,113.011,0.467,0.73,0.167,-3.434,Minor,3.7,E,Future Nostalgia (The Moonlight Edition),2019
Good In Bed,Dua Lipa,61,True,0.701,94.06,0.649,0.68,0.138,-5.001,Major,3.6,F,Future Nostalgia (The Moonlight Edition),2019
Boys Will Be Boys,Dua Lipa,60,False,0.486,125.021,0.519,0.768,0.408,-5.954,Major,2.8,Dsharp/Eflat,Future Nostalgia (The Moonlight Edition),2019
Fever,Dua Lipa,63,False,0.693,114.999,0.396,0.868,0.0597,-7.052,Minor,2.6,Fsharp/Gflat,Future Nostalgia (The Moonlight Edition),2019
We're Good,Dua Lipa,76,False,0.588,134.01,0.59,0.722,0.0319,-5.932,Major,2.8,Fsharp/Gflat,Future Nostalgia (The Moonlight Edition),2019
Prisoner (feat. Dua Lipa),Miley Cyrus,64,False,0.659,127.992,0.586,0.769,0.0109,-3.899,Minor,2.8,Dsharp/Eflat,Future Nostalgia (The Moonlight Edition),2019
If It Ain’t Me,Dua Lipa,65,False,0.623,114.986,0.57,0.809,0.0185,-6.254,Major,3.3,F,Future Nostalgia (The Moonlight Edition),2019
That Kind Of Woman,Dua Lipa,61,False,0.665,113.213,0.42,0.64,0.0045,-4.966,Minor,3.3,B,Future Nostalgia (The Moonlight Edition),2019
Not My Problem (feat. JID),Dua Lipa,52,True,0.732,107.926,0.802,0.695,0.442,-3.308,Major,2.4,C,Future Nostalgia (The Moonlight Edition),2019
Levitating (feat. DaBaby),Dua Lipa,70,False,0.825,102.977,0.915,0.702,0.00883,-3.787,Minor,3.4,Fsharp/Gflat,Future Nostalgia (The Moonlight Edition),2019
Un Día (One Day),J Balvin,62,False,0.634,168.136,0.432,0.572,0.00547,-10.599,Minor,3.9,Fsharp/Gflat,Future Nostalgia (The Moonlight Edition),2019
Temporary Insanity,Blanco Brown,20,False,0.321,77.459,0.462,0.731,0.484,-11.465,Major,4.0,Asharp/Bflat,Honeysuckle & Lightning Bugs,2019
HeadNod,Blanco Brown,22,False,0.508,106.934,0.268,0.726,0.0611,-10.475,Major,2.7,B,Honeysuckle & Lightning Bugs,2019
Funky Tonk,Blanco Brown,27,False,0.623,140.035,0.715,0.711,0.0338,-8.709,Major,3.0,B,Honeysuckle & Lightning Bugs,2019
CountryTime,Blanco Brown,22,False,0.559,163.861,0.222,0.581,0.0642,-7.974,Major,4.0,D,Honeysuckle & Lightning Bugs,2019
Georgia Power,Blanco Brown,37,False,0.586,140.075,0.412,0.749,0.372,-9.43,Major,3.7,Csharp/Dflat,Honeysuckle & Lightning Bugs,2019
Gemini (Damn Right),Blanco Brown,17,False,0.537,114.969,0.374,0.722,0.00977,-7.621,Major,3.4,Csharp/Dflat,Honeysuckle & Lightning Bugs,2019
Ghett Ol Memories,Blanco Brown,33,False,0.506,79.977,0.344,0.624,0.246,-9.527,Major,2.7,D,Honeysuckle & Lightning Bugs,2019
Don't Love Her,Blanco Brown,17,False,0.536,160.999,0.489,0.654,0.564,-10.197,Major,2.9,E,Honeysuckle & Lightning Bugs,2019
Tn Whiskey,Blanco Brown,35,False,0.458,137.876,0.429,0.669,0.539,-9.949,Major,3.3,G,Honeysuckle & Lightning Bugs,2019
The Git Up,Blanco Brown,71,False,0.678,97.984,0.811,0.847,0.0669,-8.635,Major,3.3,A,Honeysuckle & Lightning Bugs,2019
Sucker,Jonas Brothers,83,False,0.734,137.958,0.952,0.842,0.0427,-5.065,Minor,3.0,Csharp/Dflat,Happiness Begins,2019
Cool,Jonas Brothers,66,False,0.598,78.969,0.62,0.683,0.00873,-5.487,Major,2.8,C,Happiness Begins,2019
Only Human,Jonas Brothers,74,False,0.496,94.01,0.874,0.795,0.108,-5.883,Major,3.0,C,Happiness Begins,2019
I Believe,Jonas Brothers,67,False,0.774,99.019,0.35,0.749,0.0857,-6.221,Major,3.6,A,Happiness Begins,2019
Used To Be,Jonas Brothers,56,False,0.517,145.946,0.176,0.71,0.172,-6.85,Major,3.1,Csharp/Dflat,Happiness Begins,2019
Every Single Time,Jonas Brothers,55,False,0.685,151.988,0.91,0.756,0.135,-5.176,Minor,3.5,B,Happiness Begins,2019
Don't Throw it Away,Jonas Brothers,56,False,0.858,102.02,0.732,0.731,0.0245,-5.082,Minor,2.9,Csharp/Dflat,Happiness Begins,2019
Love Her,Jonas Brothers,60,False,0.337,103.002,0.56,0.74,0.178,-6.039,Major,3.2,Gsharp/Aflat,Happiness Begins,2019
Happy When I'm Sad,Jonas Brothers,53,False,0.793,100.987,0.906,0.782,0.000199,-7.054,Major,2.6,G,Happiness Begins,2019
Trust,Jonas Brothers,53,False,0.559,146.041,0.671,0.806,0.0248,-6.329,Major,3.0,C,Happiness Begins,2019
Strangers,Jonas Brothers,57,False,0.842,129.986,0.573,0.594,0.0312,-4.892,Major,3.9,Csharp/Dflat,Happiness Begins,2019
Hesitate,Jonas Brothers,59,False,0.485,118.051,0.236,0.622,0.227,-7.259,Major,3.5,D,Happiness Begins,2019
Rollercoaster,Jonas Brothers,63,False,0.58,123.977,0.467,0.697,0.0583,-7.986,Minor,3.0,B,Happiness Begins,2019
Comeback,Jonas Brothers,56,False,0.553,145.009,0.185,0.55,0.0913,-7.34,Major,2.6,C,Happiness Begins,2019
Beautiful People (feat. Khalid),Ed Sheeran,76,False,0.647,92.979,0.546,0.64,0.124,-8.114,Minor,3.3,F,No.6 Collaborations Project,2019
South of the Border (feat. Camila Cabello & Cardi B),Ed Sheeran,77,False,0.621,97.989,0.668,0.857,0.148,-6.376,Minor,3.4,A,No.6 Collaborations Project,2019
Cross Me (feat. Chance the Rapper & PnB Rock),Ed Sheeran,62,True,0.787,95.005,0.607,0.746,0.212,-6.373,Major,3.4,E,No.6 Collaborations Project,2019
Take Me Back to London (feat. Stormzy),Ed Sheeran,66,True,0.762,138.058,0.605,0.885,0.219,-5.513,Minor,3.2,Gsharp/Aflat,No.6 Collaborations Project,2019
Best Part of Me (feat. YEBBA),Ed Sheeran,65,False,0.243,81.655,0.239,0.565,0.758,-8.367,Major,4.1,D,No.6 Collaborations Project,2019
I Don't Care (with Justin Bieber),Ed Sheeran & Justin Bieber,71,False,0.676,101.956,0.843,0.798,0.0902,-5.041,Major,3.7,Fsharp/Gflat,No.6 Collaborations Project,2019
Antisocial (with Travis Scott),Ed Sheeran,65,False,0.823,151.957,0.91,0.716,0.132,-5.313,Minor,2.7,F,No.6 Collaborations Project,2019
Remember The Name (feat. Eminem & 50 Cent),Ed Sheeran,69,True,0.666,91.046,0.726,0.852,0.135,-6.923,Minor,3.5,B,No.6 Collaborations Project,2019
Feels (feat. Young Thug & J Hus),Ed Sheeran,54,False,0.68,91.667,0.69,0.665,0.112,-4.898,Major,2.5,D,No.6 Collaborations Project,2019
Put It All on Me (feat. Ella Mai),Ed Sheeran,65,False,0.594,101.007,0.388,0.627,0.256,-8.306,Major,3.3,G,No.6 Collaborations Project,2019
Nothing On You (feat. Paulo Londra & Dave),Ed Sheeran,59,False,0.649,88.011,0.84,0.747,0.333,-6.218,Major,3.3,Gsharp/Aflat,No.6 Collaborations Project,2019
I Don't Want Your Money (feat. H.E.R.),Ed Sheeran,54,False,0.63,91.419,0.762,0.468,0.31,-6.536,Minor,3.4,Gsharp/Aflat,No.6 Collaborations Project,2019
1000 Nights (feat. Meek Mill & A Boogie Wit da Hoodie),Ed Sheeran,54,False,0.589,98.001,0.513,0.778,0.467,-5.548,Major,3.5,Gsharp/Aflat,No.6 Collaborations Project,2019
Way To Break My Heart (feat. Skrillex),Ed Sheeran,55,False,0.731,170.125,0.437,0.726,0.11,-6.298,Minor,3.2,Csharp/Dflat,No.6 Collaborations Project,2019
BLOW (with Chris Stapleton & Bruno Mars),Ed Sheeran,59,False,0.796,92.47,0.596,0.631,0.000245,-5.35,Major,3.5,Csharp/Dflat,No.6 Collaborations Project,2019
Cuz I Love You,Lizzo,38,True,0.66,162.159,0.52,0.566,0.0156,-4.039,Major,3.0,Csharp/Dflat,Cuz I Love You (Deluxe),2019
Like a Girl,Lizzo,36,True,0.807,144.031,0.797,0.694,0.0167,-3.183,Major,3.1,D,Cuz I Love You (Deluxe),2019
Juice,Lizzo,39,True,0.889,119.93,0.843,0.767,0.00611,-2.988,Major,3.3,G,Cuz I Love You (Deluxe),2019
Soulmate,Lizzo,33,True,0.849,99.021,0.767,0.693,0.00466,-4.517,Major,2.9,G,Cuz I Love You (Deluxe),2019
Jerome,Lizzo,35,False,0.542,150.979,0.534,0.674,0.0476,-6.983,Major,3.9,Gsharp/Aflat,Cuz I Love You (Deluxe),2019
Crybaby,Lizzo,28,False,0.719,131.027,0.722,0.623,0.0383,-3.331,Minor,2.9,B,Cuz I Love You (Deluxe),2019
Tempo (feat. Missy Elliott),Lizzo,38,True,0.722,107.019,0.588,0.833,0.0573,-5.563,Major,2.9,Csharp/Dflat,Cuz I Love You (Deluxe),2019
Exactly How I Feel (feat. Gucci Mane),Lizzo,31,True,0.718,112.981,0.833,0.872,0.114,-3.238,Minor,2.4,Fsharp/Gflat,Cuz I Love You (Deluxe),2019
Better in Color,Lizzo,33,False,0.928,129.894,0.556,0.702,0.0353,-2.039,Major,2.2,G,Cuz I Love You (Deluxe),2019
Heaven Help Me,Lizzo,30,True,0.725,117.194,0.161,0.67,0.0164,-6.373,Major,3.4,C,Cuz I Love You (Deluxe),2019
Lingerie,Lizzo,29,False,0.488,132.077,0.628,0.681,0.215,-5.314,Major,3.4,C,Cuz I Love You (Deluxe),2019
Boys,Lizzo,60,False,0.587,120.029,0.753,0.891,0.00317,-4.281,Minor,2.9,Fsharp/Gflat,Cuz I Love You (Deluxe),2019
Truth Hurts,Lizzo,62,True,0.624,158.087,0.412,0.715,0.11,-3.046,Minor,2.9,E,Cuz I Love You (Deluxe),2019
Water Me,Lizzo,38,False,0.966,113.046,0.77,0.67,0.0292,-1.994,Minor,3.1,Dsharp/Eflat,Cuz I Love You (Deluxe),2019
9.13,Khalid,42,False,0.451,131.72,0.59,0.289,0.975,-15.013,Major,0.9,D,Suncity,2019
Vertigo,Khalid,55,False,0.458,115.989,0.207,0.487,0.552,-7.761,Minor,4.5,E,Suncity,2019
Saturday Nights,Khalid,61,False,0.439,167.908,0.371,0.54,0.635,-8.591,Major,3.5,Asharp/Bflat,Suncity,2019
Salem's Interlude,Khalid,42,True,0.485,80.933,0.457,0.479,0.963,-12.302,Minor,1.4,G,Suncity,2019
Motion,Khalid,56,False,0.61,80.948,0.497,0.554,0.0982,-7.229,Major,3.9,C,Suncity,2019
Better,Khalid,69,True,0.586,98.035,0.112,0.695,0.102,-10.315,Minor,3.8,C,Suncity,2019
Suncity (feat. Empress Of),Khalid,60,False,0.63,90.045,0.341,0.694,0.0998,-6.84,Minor,3.2,G,Suncity,2019
Homerun (Intro),Paulo Londra,65,False,0.264,135.117,0.672,0.822,0.669,-9.37,Major,2.5,F,Homerun,2019
Tal Vez,Paulo Londra,79,False,0.649,161.986,0.741,0.855,0.25,-2.443,Major,4.4,Gsharp/Aflat,Homerun,2019
No Puedo,Paulo Londra,68,False,0.68,140.041,0.519,0.792,0.361,-5.392,Minor,2.9,F,Homerun,2019
Adan y Eva,Paulo Londra,74,False,0.709,171.993,0.72,0.767,0.323,-4.47,Major,4.3,Csharp/Dflat,Homerun,2019
Demasiado Loco,Paulo Londra,68,False,0.377,85.014,0.403,0.824,0.327,-8.859,Minor,2.8,Csharp/Dflat,Homerun,2019
Maldita Abusadora,Paulo Londra,63,False,0.373,117.98,0.669,0.781,0.619,-9.35,Minor,4.2,G,Homerun,2019
Y Yo No Sé,Paulo Londra,59,False,0.553,159.983,0.642,0.845,0.0748,-2.068,Minor,3.2,A,Homerun,2019
So Fresh,Paulo Londra,58,False,0.681,96.516,0.451,0.812,0.0978,-6.869,Minor,2.8,B,Homerun,2019
Querido Amigo,Paulo Londra,66,False,0.505,123.963,0.599,0.916,0.555,-6.851,Minor,3.8,Gsharp/Aflat,Homerun,2019
Romeo y Julieta,Paulo Londra,62,False,0.636,130.051,0.464,0.871,0.0145,-6.916,Minor,3.0,E,Homerun,2019
Por Eso Vine,Paulo Londra,72,False,0.646,188.009,0.625,0.76,0.233,-5.048,Minor,3.0,Gsharp/Aflat,Homerun,2019
Solo Pienso En Ti (feat. De La Ghetto & Justin Quiles),Paulo Londra,64,False,0.697,129.978,0.586,0.86,0.102,-4.727,Major,4.5,Csharp/Dflat,Homerun,2019
Forever Alone,Paulo Londra,67,False,0.418,129.965,0.526,0.883,0.337,-8.095,Minor,3.6,G,Homerun,2019
Condenado Para El Millón,Paulo Londra,63,False,0.75,75.3,0.208,0.643,0.00531,-4.755,Minor,3.7,B,Homerun,2019
Nena Maldición (feat. Lenny Tavárez),Paulo Londra,78,False,0.531,118.96,0.367,0.566,0.192,-6.635,Major,3.8,Fsharp/Gflat,Homerun,2019
Dímelo,Paulo Londra,62,False,0.652,135.015,0.442,0.847,0.0752,-6.79,Major,3.5,D,Homerun,2019
Chica Paranormal,Paulo Londra,73,False,0.61,139.948,0.699,0.86,0.0605,-5.93,Minor,3.7,Fsharp/Gflat,Homerun,2019
Sigan Hablando de Mi,Paulo Londra,57,False,0.535,94.956,0.397,0.884,0.0778,-5.064,Major,2.7,G,Homerun,2019
Hyperion,Gesaffelstein,30,False,0.877,129.214,0.0764,0.636,0.0812,-12.505,Major,2.9,Csharp/Dflat,Hyperion,2019
Reset,Gesaffelstein,34,False,0.418,94.5,0.241,0.735,0.0577,-13.27,Major,3.4,G,Hyperion,2019
Lost in the Fire (feat. The Weeknd),Gesaffelstein,85,True,0.671,100.966,0.166,0.658,0.0933,-12.21,Major,3.4,D,Hyperion,2019
Ever Now,Gesaffelstein,52,False,0.373,107.995,0.0372,0.658,0.197,-12.473,Major,1.6,Csharp/Dflat,Hyperion,2019
Blast Off (feat. Pharrell Williams),Gesaffelstein,42,False,0.498,99.978,0.138,0.628,0.241,-12.803,Major,3.9,Fsharp/Gflat,Hyperion,2019
So Bad (feat. HAIM),Gesaffelstein,43,False,0.348,91.975,0.0315,0.264,0.106,-16.3,Minor,3.6,F,Hyperion,2019
Forever (feat. The Hacker & Electric Youth),Gesaffelstein,42,False,0.426,117.985,0.139,0.652,0.00453,-12.596,Minor,4.5,A,Hyperion,2019
Vortex,Gesaffelstein,32,False,0.715,184.014,0.448,0.663,0.0971,-12.426,Major,2.6,Csharp/Dflat,Hyperion,2019
Memora,Gesaffelstein,35,False,0.494,99.045,0.0393,0.624,0.199,-12.832,Minor,3.6,B,Hyperion,2019
Humanity Gone,Gesaffelstein,34,False,0.306,84.127,0.037,0.131,0.0706,-15.049,Minor,10.7,E,Hyperion,2019
IGOR'S THEME,"Tyler, The Creator",69,False,0.672,163.1,0.0648,0.467,0.00559,-7.371,Minor,3.3,Asharp/Bflat,IGOR,2019
EARFQUAKE,"Tyler, The Creator",82,True,0.498,79.635,0.413,0.554,0.23,-8.866,Major,3.2,A,IGOR,2019
I THINK,"Tyler, The Creator",74,True,0.579,121.075,0.431,0.826,0.00881,-8.241,Minor,3.5,Gsharp/Aflat,IGOR,2019
RUNNING OUT OF TIME,"Tyler, The Creator",76,True,0.391,84.281,0.162,0.36,0.296,-10.6,Major,3.0,Fsharp/Gflat,IGOR,2019
NEW MAGIC WAND,"Tyler, The Creator",83,True,0.73,139.566,0.464,0.621,0.0967,-5.414,Minor,3.3,F,IGOR,2019
A BOY IS A GUN*,"Tyler, The Creator",72,True,0.689,79.568,0.505,0.417,0.575,-8.302,Minor,3.5,D,IGOR,2019
PUPPET,"Tyler, The Creator",69,True,0.557,77.572,0.199,0.508,0.00235,-8.967,Minor,3.0,Gsharp/Aflat,IGOR,2019
WHAT'S GOOD,"Tyler, The Creator",67,True,0.909,118.227,0.449,0.458,0.0567,-6.553,Major,3.4,Csharp/Dflat,IGOR,2019
"GONE, GONE / THANK YOU","Tyler, The Creator",78,True,0.492,78.848,0.471,0.518,0.216,-8.436,Minor,6.3,Asharp/Bflat,IGOR,2019
I DON'T LOVE YOU ANYMORE,"Tyler, The Creator",67,True,0.522,142.952,0.584,0.638,0.352,-9.814,Major,2.7,Gsharp/Aflat,IGOR,2019
ARE WE STILL FRIENDS?,"Tyler, The Creator",82,True,0.497,187.308,0.313,0.216,0.128,-8.025,Major,4.4,Asharp/Bflat,IGOR,2019
Magnets (feat. Sophie Simmons),Sam Feldt,23,True,0.802,121.991,0.434,0.731,0.022,-4.763,Major,3.0,F,Magnets EP,2019
Hide & Seek (feat. Joe Housley),Sam Feldt,18,False,0.475,119.984,0.685,0.823,0.319,-7.582,Minor,2.7,Csharp/Dflat,Magnets EP,2019
Lose My Colours (feat. Sam Martin),Sam Feldt,27,False,0.851,107.994,0.194,0.574,0.0209,-4.748,Major,3.5,F,Magnets EP,2019
One Day (feat. ROZES),Sam Feldt,21,False,0.858,122.082,0.332,0.668,0.181,-4.048,Major,2.5,Gsharp/Aflat,Magnets EP,2019
Post Malone (feat. RANI),Sam Feldt,68,False,0.642,107.356,0.651,0.59,0.0771,-3.87,Major,2.9,G,Magnets EP,2019
My Head & My Heart,Ava Max,79,False,0.934,116.001,0.436,0.614,0.0697,-3.709,Minor,2.9,A,Heaven & Hell,2019
H.E.A.V.E.N,Ava Max,48,False,0.643,119.971,0.621,0.592,0.296,-6.928,Minor,1.8,A,Heaven & Hell,2019
Kings & Queens,Ava Max,82,False,0.69,129.857,0.457,0.637,0.00786,-4.057,Minor,2.7,Csharp/Dflat,Heaven & Hell,2019
Naked,Ava Max,52,False,0.641,111.955,0.695,0.683,0.0582,-4.092,Minor,3.7,Dsharp/Eflat,Heaven & Hell,2019
Tattoo,Ava Max,50,False,0.637,114.994,0.793,0.64,0.129,-5.228,Major,2.7,Fsharp/Gflat,Heaven & Hell,2019
OMG What's Happening,Ava Max,58,False,0.854,124.042,0.931,0.698,0.101,-3.84,Minor,3.0,A,Heaven & Hell,2019
Call Me Tonight,Ava Max,51,False,0.699,115.0,0.865,0.775,0.109,-4.273,Minor,2.8,Dsharp/Eflat,Heaven & Hell,2019
Born to the Night,Ava Max,49,False,0.698,139.985,0.406,0.59,0.0352,-5.891,Major,3.3,A,Heaven & Hell,2019
Torn,Ava Max,63,False,0.831,125.057,0.696,0.665,0.111,-4.472,Minor,3.3,D,Heaven & Hell,2019
Take You To Hell,Ava Max,63,False,0.682,173.926,0.503,0.501,0.135,-4.664,Minor,2.7,C,Heaven & Hell,2019
Who's Laughing Now,Ava Max,67,False,0.641,184.021,0.505,0.648,0.00565,-5.521,Major,3.0,G,Heaven & Hell,2019
Belladonna,Ava Max,53,False,0.683,136.992,0.255,0.516,0.0383,-4.849,Minor,3.4,Csharp/Dflat,Heaven & Hell,2019
Rumors,Ava Max,49,False,0.738,96.81,0.466,0.537,0.0538,-5.557,Major,3.2,Csharp/Dflat,Heaven & Hell,2019
So Am I,Ava Max,73,False,0.657,130.089,0.628,0.681,0.0748,-4.671,Major,3.1,Fsharp/Gflat,Heaven & Hell,2019
Salt,Ava Max,71,False,0.835,128.052,0.744,0.693,0.131,-3.242,Major,3.0,Fsharp/Gflat,Heaven & Hell,2019
Sweet but Psycho,Ava Max,82,False,0.706,133.002,0.62,0.72,0.0684,-4.719,Major,3.1,Csharp/Dflat,Heaven & Hell,2019
Intro,Khalid,51,False,0.414,79.556,0.0553,0.213,0.308,-9.725,Major,3.6,C,Free Spirit,2019
Bad Luck,Khalid,57,False,0.52,164.047,0.303,0.432,0.277,-5.515,Minor,3.9,Csharp/Dflat,Free Spirit,2019
My Bad,Khalid,59,False,0.578,84.963,0.367,0.577,0.547,-9.146,Minor,2.7,C,Free Spirit,2019
Better,Khalid,61,True,0.552,98.028,0.15,0.692,0.0503,-9.543,Minor,3.8,C,Free Spirit,2019
Talk (feat. Disclosure),Khalid,73,False,0.4,135.984,0.346,0.9,0.0516,-8.575,Major,3.3,C,Free Spirit,2019
Right Back,Khalid,60,False,0.427,97.03,0.603,0.788,0.0659,-9.918,Minor,3.6,F,Free Spirit,2019
Don't Pretend,Khalid,58,False,0.551,89.0,0.219,0.697,0.258,-8.833,Major,2.8,B,Free Spirit,2019
Paradise,Khalid,54,False,0.452,75.046,0.523,0.581,0.206,-9.558,Major,2.9,B,Free Spirit,2019
Hundred,Khalid,56,True,0.483,120.005,0.479,0.772,0.0521,-10.06,Minor,4.6,Fsharp/Gflat,Free Spirit,2019
Outta My Head (with John Mayer),Khalid,68,False,0.545,103.012,0.514,0.729,0.0174,-7.818,Major,3.0,C,Free Spirit,2019
Free Spirit,Khalid,62,False,0.446,139.994,0.11,0.627,0.308,-9.477,Minor,3.0,D,Free Spirit,2019
Twenty One,Khalid,55,False,0.445,109.981,0.405,0.776,0.212,-8.574,Major,3.1,A,Free Spirit,2019
Bluffin',Khalid,50,False,0.314,129.666,0.288,0.529,0.354,-10.323,Major,3.3,C,Free Spirit,2019
Self,Khalid,52,False,0.693,143.98,0.439,0.618,0.44,-7.889,Minor,3.8,Csharp/Dflat,Free Spirit,2019
Alive,Khalid,53,False,0.406,78.616,0.205,0.386,0.832,-10.419,Major,3.0,B,Free Spirit,2019
Heaven,Khalid,50,False,0.479,116.989,0.11,0.42,0.613,-8.881,Major,3.6,Gsharp/Aflat,Free Spirit,2019
Saturday Nights,Khalid,59,False,0.37,83.162,0.354,0.574,0.634,-10.803,Major,3.5,Asharp/Bflat,Free Spirit,2019
Con Calma,Daddy Yankee,81,False,0.86,93.989,0.656,0.737,0.11,-2.652,Minor,3.2,Gsharp/Aflat,Con Calma,2019
a lot,21 Savage,82,True,0.636,145.972,0.274,0.837,0.0395,-7.643,Major,4.8,Csharp/Dflat,i am > i was,2019
break da law,21 Savage,58,True,0.575,141.037,0.359,0.904,0.0493,-7.823,Major,3.0,Csharp/Dflat,i am > i was,2019
a&t,21 Savage,54,True,0.567,146.976,0.827,0.924,0.00169,-5.009,Major,3.5,F,i am > i was,2019
out for the night,21 Savage,59,True,0.695,173.368,0.408,0.841,0.001,-5.625,Major,2.3,A,i am > i was,2019
gun smoke,21 Savage,58,True,0.461,85.992,0.325,0.809,0.000832,-5.677,Minor,2.8,Asharp/Bflat,i am > i was,2019
1.5,21 Savage,63,True,0.52,84.022,0.306,0.885,0.000244,-8.353,Major,2.5,Csharp/Dflat,i am > i was,2019
all my friends,21 Savage,62,True,0.62,130.09,0.206,0.713,0.171,-4.513,Major,3.5,C,i am > i was,2019
can't leave without it,21 Savage,75,True,0.591,131.982,0.696,0.872,0.111,-6.952,Minor,3.4,Fsharp/Gflat,i am > i was,2019
asmr,21 Savage,63,True,0.543,170.067,0.161,0.84,0.0399,-7.738,Major,2.9,Csharp/Dflat,i am > i was,2019
ball w/o you,21 Savage,83,True,0.633,137.994,0.459,0.892,0.0467,-7.471,Major,3.3,Gsharp/Aflat,i am > i was,2019
good day,21 Savage,49,True,0.519,122.195,0.119,0.966,0.00359,-5.682,Major,4.0,Csharp/Dflat,i am > i was,2019
pad lock,21 Savage,68,True,0.55,130.024,0.798,0.959,0.0187,-8.012,Minor,3.2,F,i am > i was,2019
monster,21 Savage,61,True,0.607,134.022,0.224,0.89,0.158,-6.916,Minor,3.9,A,i am > i was,2019
letter 2 my momma,21 Savage,54,True,0.608,80.225,0.963,0.864,0.0531,-10.567,Minor,3.2,Csharp/Dflat,i am > i was,2019
4L,21 Savage,60,True,0.41,80.011,0.0703,0.879,0.000897,-9.233,Major,4.8,Gsharp/Aflat,i am > i was,2019
(Fuck A) Silver Lining,Panic! At The Disco,54,True,0.939,105.092,0.714,0.577,0.0272,-1.352,Minor,2.8,Csharp/Dflat,Pray for the Wicked,2019
Say Amen (Saturday Night),Panic! At The Disco,65,False,0.867,167.965,0.602,0.491,0.167,-2.313,Minor,3.2,Fsharp/Gflat,Pray for the Wicked,2019
"Hey Look Ma, I Made It",Panic! At The Disco,70,False,0.833,107.936,0.58,0.577,0.0137,-3.337,Major,2.8,F,Pray for the Wicked,2019
High Hopes,Panic! At The Disco,83,False,0.904,82.014,0.681,0.579,0.193,-2.729,Major,3.2,F,Pray for the Wicked,2019
Roaring 20s,Panic! At The Disco,60,False,0.948,83.19,0.515,0.271,0.0467,-2.207,Major,3.1,Csharp/Dflat,Pray for the Wicked,2019
Dancing's Not a Crime,Panic! At The Disco,54,False,0.891,94.095,0.804,0.526,0.0375,-1.549,Major,3.7,Fsharp/Gflat,Pray for the Wicked,2019
One of the Drunks,Panic! At The Disco,54,True,0.892,174.008,0.762,0.424,0.0426,-3.78,Minor,3.3,Gsharp/Aflat,Pray for the Wicked,2019
The Overpass,Panic! At The Disco,51,False,0.955,132.951,0.61,0.517,0.0224,-1.848,Minor,3.0,Asharp/Bflat,Pray for the Wicked,2019
King of the Clouds,Panic! At The Disco,58,False,0.922,198.063,0.472,0.285,0.237,-1.932,Minor,2.7,D,Pray for the Wicked,2019
Old Fashioned,Panic! At The Disco,52,False,0.878,168.033,0.783,0.52,0.0133,-1.768,Minor,2.8,Fsharp/Gflat,Pray for the Wicked,2019
Dying in LA,Panic! At The Disco,56,False,0.35,126.444,0.315,0.346,0.876,-4.988,Major,3.8,D,Pray for the Wicked,2019
Callaita,Bad Bunny,78,True,0.624,176.169,0.244,0.61,0.6,-4.773,Major,4.2,D,Callaita,2019
How Do You Sleep?,Sam Smith,72,False,0.682,110.567,0.345,0.477,0.153,-4.931,Minor,3.4,Csharp/Dflat,How Do You Sleep?,2019
Vossi Bop,Stormzy,63,True,0.653,188.115,0.428,0.682,0.13,-6.062,Major,3.3,Gsharp/Aflat,Vossi Bop,2019
lovely (with Khalid),Billie Eilish,90,False,0.296,115.284,0.12,0.351,0.934,-10.109,Minor,3.3,E,lovely (with Khalid),2019
Drugs & The Internet,Lauv,56,True,0.551,88.794,0.243,0.466,0.361,-7.043,Major,3.0,D,~how i'm feeling~,2019
"fuck, i'm lonely",Lauv,69,True,0.547,94.992,0.718,0.809,0.452,-7.305,Major,3.3,A,~how i'm feeling~,2019
Lonely Eyes,Lauv,57,False,0.503,95.013,0.385,0.586,0.0403,-7.002,Major,3.3,D,~how i'm feeling~,2019
Sims,Lauv,46,True,0.373,99.217,0.502,0.575,0.556,-9.139,Major,2.6,D,~how i'm feeling~,2019
Believed,Lauv,47,True,0.518,149.962,0.49,0.796,0.0766,-8.09,Minor,2.8,B,~how i'm feeling~,2019
Billy,Lauv,46,False,0.323,176.793,0.439,0.786,0.0478,-8.75,Major,3.0,D,~how i'm feeling~,2019
Feelings,Lauv,71,False,0.394,103.041,0.241,0.7,0.0567,-8.911,Major,3.2,A,~how i'm feeling~,2019
Canada,Lauv,60,False,0.264,93.252,0.346,0.628,0.623,-12.783,Major,3.1,A,~how i'm feeling~,2019
For Now,Lauv,52,False,0.227,83.57,0.107,0.532,0.776,-12.184,Major,3.2,G,~how i'm feeling~,2019
Mean It,Lauv,71,False,0.45,96.001,0.329,0.747,0.0407,-8.543,Major,3.9,G,~how i'm feeling~,2019
Tell My Mama,Lauv,46,False,0.497,139.977,0.492,0.88,0.191,-7.023,Major,2.8,C,~how i'm feeling~,2019
Sweatpants,Lauv,46,True,0.495,159.945,0.725,0.722,0.048,-8.44,Major,3.3,Asharp/Bflat,~how i'm feeling~,2019
Who,Lauv,74,False,0.337,141.701,0.0982,0.632,0.558,-8.0,Minor,3.0,B,~how i'm feeling~,2019
i'm so tired...,Lauv,77,False,0.735,101.252,0.498,0.548,0.173,-7.572,Major,2.7,B,~how i'm feeling~,2019
El Tejano,Lauv,49,True,0.56,134.014,0.945,0.879,0.135,-6.924,Minor,3.2,A,~how i'm feeling~,2019
Tattoos Together,Lauv,66,True,0.401,122.962,0.606,0.863,0.00569,-7.49,Major,3.1,E,~how i'm feeling~,2019
Changes,Lauv,58,False,0.454,74.026,0.191,0.604,0.458,-8.363,Major,2.7,D,~how i'm feeling~,2019
Sad Forever,Lauv,58,False,0.486,122.025,0.355,0.748,0.457,-8.926,Major,3.4,F,~how i'm feeling~,2019
Invisible Things,Lauv,53,False,0.552,125.194,0.285,0.744,0.0834,-7.406,Major,3.3,G,~how i'm feeling~,2019
Julia,Lauv,54,False,0.128,112.53,0.356,0.53,0.905,-14.564,Major,3.6,B,~how i'm feeling~,2019
Modern Loneliness,Lauv,61,True,0.507,82.009,0.146,0.701,0.14,-7.106,Major,4.2,Gsharp/Aflat,~how i'm feeling~,2019
Political Badness,NSG,33,True,0.617,91.052,0.687,0.847,0.173,-6.237,Major,4.1,C,Roots,2019
MCM,NSG,50,True,0.596,199.986,0.775,0.754,0.0212,-5.54,Minor,3.2,Asharp/Bflat,Roots,2019
Lupita,NSG,52,True,0.492,98.173,0.586,0.75,0.324,-6.65,Major,3.6,C,Roots,2019
Nonsense,NSG,35,True,0.629,98.051,0.69,0.682,0.266,-8.382,Minor,3.6,F,Roots,2019
Tinder,NSG,38,True,0.531,99.947,0.588,0.865,0.194,-5.688,Minor,3.6,Gsharp/Aflat,Roots,2019
Why Stress,NSG,39,True,0.566,100.05,0.716,0.876,0.225,-8.95,Minor,3.6,A,Roots,2019
Zanotti,NSG,33,True,0.477,101.04,0.622,0.815,0.413,-8.801,Major,2.9,Asharp/Bflat,Roots,2019
Porsche,NSG,35,True,0.487,102.011,0.598,0.946,0.165,-8.096,Major,3.2,Csharp/Dflat,Roots,2019
Expensive,NSG,29,True,0.664,127.033,0.775,0.832,0.128,-5.97,Minor,3.5,C,Roots,2019
dRuNk gUiTaR,NSG,37,True,0.636,99.019,0.768,0.784,0.0822,-6.937,Minor,3.0,Csharp/Dflat,Roots,2019
Jorja,NSG,27,True,0.619,82.709,0.608,0.538,0.341,-8.739,Major,4.3,Fsharp/Gflat,Roots,2019
Samba,NSG,32,True,0.5,99.988,0.538,0.915,0.0983,-7.953,Major,3.1,Csharp/Dflat,Roots,2019
Grandad,NSG,41,True,0.705,112.026,0.961,0.853,0.0173,-4.731,Minor,3.2,B,Roots,2019
Ourself,NSG,47,True,0.539,103.025,0.657,0.928,0.372,-5.589,Major,3.2,A,Roots,2019
Roots,NSG,35,True,0.715,102.846,0.826,0.73,0.422,-5.215,Major,3.2,Gsharp/Aflat,Roots,2019
Trust Issues,NSG,45,True,0.848,73.936,0.814,0.469,0.0688,-4.556,Major,3.4,Asharp/Bflat,Roots,2019
OT Bop,NSG,44,True,0.479,100.999,0.479,0.936,0.112,-5.842,Major,3.1,Gsharp/Aflat,Roots,2019
Options,NSG,58,True,0.621,101.993,0.762,0.836,0.389,-4.684,Minor,4.0,Csharp/Dflat,Roots,2019
MIDDLE CHILD,J. Cole,84,True,0.364,123.984,0.463,0.837,0.149,-11.713,Major,3.6,Gsharp/Aflat,MIDDLE CHILD,2019
Soñando Despierto,Sech,44,False,0.495,77.524,0.47,0.618,0.639,-9.237,Major,2.3,Dsharp/Eflat,Sueños,2019
Falsas Promesas,Sech,63,False,0.737,90.005,0.865,0.441,0.427,-5.234,Major,3.4,Gsharp/Aflat,Sueños,2019
Otro Trago,Sech,73,True,0.7,176.044,0.619,0.746,0.136,-4.669,Major,3.8,C,Sueños,2019
La Niña,Sech,49,True,0.675,113.261,0.579,0.783,0.365,-5.993,Major,2.7,C,Sueños,2019
Tiene Novio,Sech,54,False,0.716,92.996,0.842,0.711,0.145,-5.914,Major,3.7,F,Sueños,2019
X Ti,Sech,54,False,0.592,169.873,0.757,0.731,0.273,-4.017,Minor,2.9,Fsharp/Gflat,Sueños,2019
Solita,Sech,66,False,0.831,88.793,0.88,0.679,0.159,-1.866,Major,3.7,D,Sueños,2019
Boomerang,Sech,62,False,0.658,163.86,0.61,0.714,0.353,-4.628,Minor,3.4,F,Sueños,2019
Que Mas Pues - Remix,Sech,72,True,0.661,113.358,0.811,0.647,0.121,-5.027,Major,5.1,B,Sueños,2019
La Discusión,Sech,50,False,0.648,90.062,0.722,0.755,0.112,-5.378,Major,3.1,Asharp/Bflat,Sueños,2019
Miss Lonely - Dimelo Flow Remix,Sech,67,True,0.711,81.907,0.719,0.651,0.176,-5.461,Major,4.0,C,Sueños,2019
Lo Malo,Sech,46,True,0.516,91.918,0.64,0.505,0.209,-6.807,Minor,3.1,E,Sueños,2019
What I Like About You (feat. Theresa Rex),Jonas Blue,62,False,0.8,102.46,0.553,0.46,0.289,-3.584,Major,3.7,Csharp/Dflat,What I Like About You (feat. Theresa Rex),2019
Testimony,Kodak Black,54,True,0.667,80.031,0.376,0.814,0.0369,-4.785,Minor,4.0,Fsharp/Gflat,Dying to Live,2019
This Forever,Kodak Black,45,True,0.691,80.862,0.573,0.795,0.00385,-5.193,Minor,2.7,Csharp/Dflat,Dying to Live,2019
Identity Theft,Kodak Black,54,True,0.696,97.988,0.756,0.938,0.0416,-5.837,Major,2.1,Csharp/Dflat,Dying to Live,2019
Gnarly (feat. Lil Pump),Kodak Black,56,True,0.784,144.981,0.51,0.764,0.469,-4.003,Minor,3.1,Asharp/Bflat,Dying to Live,2019
ZEZE (feat. Travis Scott & Offset),Kodak Black,78,True,0.603,98.043,0.504,0.861,0.0521,-5.788,Minor,3.8,Gsharp/Aflat,Dying to Live,2019
Take One,Kodak Black,52,True,0.615,174.034,0.501,0.66,0.114,-7.2,Major,2.8,Csharp/Dflat,Dying to Live,2019
MoshPit (feat. Juice WRLD),Kodak Black,62,True,0.627,157.938,0.49,0.769,0.394,-4.064,Major,2.7,G,Dying to Live,2019
Transgression,Kodak Black,47,True,0.639,81.465,0.85,0.57,0.625,-4.892,Minor,2.3,G,Dying to Live,2019
Malcolm X.X.X.,Kodak Black,46,True,0.721,169.572,0.348,0.47,0.46,-5.864,Major,3.3,F,Dying to Live,2019
Calling My Spirit,Kodak Black,69,True,0.366,119.985,0.74,0.91,0.0996,-9.954,Major,2.5,Csharp/Dflat,Dying to Live,2019
In the Flesh,Kodak Black,47,True,0.521,173.977,0.538,0.735,0.595,-7.336,Major,3.1,Csharp/Dflat,Dying to Live,2019
Close to the Grave,Kodak Black,49,True,0.528,129.695,0.368,0.638,0.044,-6.83,Major,3.7,Csharp/Dflat,Dying to Live,2019
From the Cradle,Kodak Black,48,True,0.446,141.013,0.183,0.793,0.212,-5.926,Minor,3.2,D,Dying to Live,2019
"If I'm Lyin', I'm Flyin'",Kodak Black,60,True,0.617,176.117,0.283,0.715,0.0996,-5.558,Minor,2.2,B,Dying to Live,2019
Needing Something,Kodak Black,41,True,0.711,119.995,0.445,0.572,0.326,-4.977,Major,3.2,B,Dying to Live,2019
Could of Been Different,Kodak Black,52,True,0.823,104.955,0.35,0.883,0.232,-4.53,Major,3.2,C,Dying to Live,2019
Intro Envidia,Lunay,34,False,0.667,167.878,0.326,0.424,0.471,-6.183,Minor,1.3,F,Épico,2019
Aventura,Lunay,69,False,0.726,92.025,0.876,0.729,0.223,-3.208,Major,3.6,F,Épico,2019
360,Lunay,47,False,0.633,155.941,0.365,0.641,0.503,-4.194,Major,2.9,G,Épico,2019
La Cama,Lunay,60,False,0.904,173.973,0.816,0.7,0.2,-2.826,Minor,3.2,D,Épico,2019
Malas Intenciones,Lunay,39,False,0.685,175.989,0.433,0.622,0.434,-1.205,Major,2.9,Asharp/Bflat,Épico,2019
Remate,Lunay,35,False,0.867,179.913,0.92,0.706,0.108,-3.374,Minor,3.4,Fsharp/Gflat,Épico,2019
Soltera (Remix),Lunay,75,False,0.783,92.01,0.799,0.795,0.361,-4.271,Major,4.4,F,Épico,2019
Mi Favorita,Lunay,50,False,0.864,169.925,0.589,0.615,0.0691,-3.269,Minor,3.8,Csharp/Dflat,Épico,2019
Todavía,Lunay,36,False,0.612,93.027,0.832,0.771,0.188,-5.279,Minor,3.6,Dsharp/Eflat,Épico,2019
Por Mi Culpa,Lunay,35,False,0.697,173.957,0.302,0.606,0.257,-3.398,Minor,3.4,Fsharp/Gflat,Épico,2019
Amigos Na' Mas,Lunay,45,False,0.842,96.006,0.897,0.765,0.6,-3.478,Minor,3.2,D,Épico,2019
Quiero,Lunay,34,False,0.82,90.012,0.531,0.67,0.109,-4.317,Minor,3.2,G,Épico,2019
A Solas (Remix),Lunay,66,False,0.744,180.014,0.589,0.62,0.66,-2.576,Minor,4.6,Fsharp/Gflat,Épico,2019
Soltera,Lunay,61,False,0.73,91.989,0.852,0.778,0.442,-4.324,Major,3.6,F,Épico,2019
Secreto,Anuel AA,79,False,0.803,91.987,0.706,0.807,0.602,-4.156,Major,4.3,B,Secreto,2019
The London (feat. J. Cole & Travis Scott),Young Thug,70,True,0.586,97.981,0.179,0.796,0.0247,-6.946,Minor,3.3,E,The London (feat. J. Cole & Travis Scott),2019
Here With Me,Marshmello,75,False,0.565,99.961,0.181,0.791,0.0623,-3.933,Minor,2.6,F,Here With Me,2019
China,Anuel AA,77,False,0.808,105.027,0.609,0.786,0.0846,-3.702,Major,5.0,G,China,2019
NI BIEN NI MAL,Bad Bunny,73,True,0.449,128.028,0.337,0.826,0.556,-8.33,Minor,3.9,F,X 100PRE,2019
200 Mph,Bad Bunny,67,True,0.5,160.02,0.816,0.85,0.0139,-6.708,Major,2.8,Gsharp/Aflat,X 100PRE,2019
¿Quien Tu Eres?,Bad Bunny,62,True,0.58,137.048,0.325,0.727,0.185,-6.804,Minor,2.7,D,X 100PRE,2019
Caro,Bad Bunny,68,True,0.575,160.007,0.248,0.651,0.627,-7.739,Major,3.8,C,X 100PRE,2019
Tenemos Que Hablar,Bad Bunny,63,True,0.512,146.075,0.144,0.855,0.146,-8.165,Major,3.7,B,X 100PRE,2019
Otra Noche en Miami,Bad Bunny,79,True,0.646,88.661,0.297,0.514,0.197,-8.833,Major,3.9,Csharp/Dflat,X 100PRE,2019
Ser Bichote,Bad Bunny,61,True,0.626,154.946,0.183,0.785,0.158,-8.03,Minor,3.2,E,X 100PRE,2019
Si Estuviésemos Juntos,Bad Bunny,83,True,0.594,171.854,0.158,0.672,0.0626,-6.813,Minor,2.8,Csharp/Dflat,X 100PRE,2019
Solo de Mi,Bad Bunny,72,True,0.73,179.972,0.15,0.743,0.287,-4.314,Minor,3.3,Asharp/Bflat,X 100PRE,2019
Cuando Perriabas,Bad Bunny,64,True,0.705,81.998,0.499,0.787,0.137,-7.582,Major,3.1,C,X 100PRE,2019
La Romana,Bad Bunny,76,True,0.725,125.8,0.326,0.655,0.0327,-5.497,Major,5.0,C,X 100PRE,2019
Como Antes,Bad Bunny,69,False,0.379,103.956,0.252,0.767,0.668,-10.348,Major,3.8,C,X 100PRE,2019
RLNDT,Bad Bunny,66,True,0.528,108.025,0.142,0.6,0.263,-6.554,Major,4.7,C,X 100PRE,2019
Estamos Bien,Bad Bunny,73,False,0.536,119.883,0.439,0.759,0.821,-6.663,Minor,3.5,A,X 100PRE,2019
MIA,Bad Bunny,80,False,0.538,97.054,0.156,0.816,0.0142,-6.354,Minor,3.5,Fsharp/Gflat,X 100PRE,2019
Intro,Meek Mill,55,True,0.76,96.044,0.24,0.678,0.0557,-5.546,Major,3.6,Csharp/Dflat,Championships,2019
Trauma,Meek Mill,49,True,0.639,89.09,0.183,0.682,0.0284,-4.406,Major,4.0,Gsharp/Aflat,Championships,2019
Uptown Vibes (feat. Fabolous & Anuel AA),Meek Mill,60,True,0.835,91.035,0.165,0.655,0.0459,-3.451,Major,3.2,Csharp/Dflat,Championships,2019
On Me (feat. Cardi B),Meek Mill,51,True,0.666,132.12,0.538,0.864,0.0482,-5.525,Major,3.8,Csharp/Dflat,Championships,2019
What's Free (feat. Rick Ross & Jay Z),Meek Mill,53,True,0.718,166.42,0.267,0.511,0.000322,-6.293,Minor,6.0,B,Championships,2019
Respect the Game,Meek Mill,59,True,0.67,89.842,0.159,0.603,0.0871,-4.809,Major,3.2,D,Championships,2019
"Splash Warning (feat. Future, Roddy Ricch and Young Thug)",Meek Mill,48,True,0.703,163.06,0.331,0.766,0.00807,-5.877,Minor,2.8,Asharp/Bflat,Championships,2019
Championships,Meek Mill,52,True,0.803,167.329,0.319,0.488,0.0786,-4.165,Minor,4.4,Fsharp/Gflat,Championships,2019
Going Bad (feat. Drake),Meek Mill,81,True,0.496,86.003,0.544,0.889,0.259,-6.365,Minor,3.0,E,Championships,2019
Almost Slipped,Meek Mill,47,True,0.651,164.213,0.46,0.49,0.246,-6.24,Major,4.1,Gsharp/Aflat,Championships,2019
Tic Tac Toe (feat. Kodak Black),Meek Mill,51,True,0.72,150.039,0.285,0.821,0.00902,-4.606,Minor,3.1,Asharp/Bflat,Championships,2019
24/7 (feat. Ella Mai),Meek Mill,61,True,0.711,86.957,0.368,0.657,0.0135,-5.355,Major,3.7,C,Championships,2019
Oodles O' Noodles Babies,Meek Mill,48,True,0.836,72.099,0.584,0.609,0.593,-3.442,Minor,3.0,E,Championships,2019
Pay You Back (feat. 21 Savage),Meek Mill,50,True,0.694,85.047,0.23,0.821,0.03,-5.169,Major,3.9,A,Championships,2019
100 Summers,Meek Mill,47,True,0.483,79.012,0.453,0.481,0.171,-8.174,Minor,2.7,E,Championships,2019
Wit the Shits (W.T.S) [feat. Melii],Meek Mill,45,True,0.814,146.99,0.709,0.756,0.00735,-5.398,Major,2.8,C,Championships,2019
Stuck in My Ways,Meek Mill,48,True,0.701,139.944,0.556,0.703,0.147,-4.764,Major,3.2,Csharp/Dflat,Championships,2019
Dangerous (feat. Jeremih and PnB Rock),Meek Mill,66,True,0.493,86.043,0.562,0.734,0.0467,-7.528,Major,3.9,C,Championships,2019
Cold Hearted II,Meek Mill,51,True,0.781,77.27,0.367,0.296,0.0377,-7.148,Major,5.0,Fsharp/Gflat,Championships,2019
Paranoid,Post Malone,68,False,0.536,159.914,0.253,0.625,0.038,-5.428,Major,3.7,C,beerbongs & bentleys,2019
Spoil My Night (feat. Swae Lee),Post Malone,68,True,0.717,160.981,0.225,0.672,0.341,-2.714,Major,3.2,Csharp/Dflat,beerbongs & bentleys,2019
Rich & Sad,Post Malone,69,True,0.571,151.974,0.285,0.599,0.198,-4.998,Major,3.4,D,beerbongs & bentleys,2019
Zack And Codeine,Post Malone,65,True,0.824,138.039,0.386,0.738,0.15,-5.165,Minor,3.4,F,beerbongs & bentleys,2019
Takin' Shots,Post Malone,63,True,0.621,120.056,0.593,0.762,0.61,-6.24,Major,3.6,C,beerbongs & bentleys,2019
rockstar (feat. 21 Savage),Post Malone,86,True,0.52,159.801,0.129,0.585,0.124,-6.136,Minor,3.6,F,beerbongs & bentleys,2019
Over Now,Post Malone,69,True,0.777,164.027,0.181,0.569,0.139,-4.041,Minor,4.1,E,beerbongs & bentleys,2019
Psycho (feat. Ty Dolla $ign),Post Malone,80,True,0.56,140.06,0.459,0.75,0.546,-8.094,Major,3.7,Gsharp/Aflat,beerbongs & bentleys,2019
Better Now,Post Malone,83,True,0.578,145.038,0.341,0.68,0.331,-5.804,Major,3.9,Asharp/Bflat,beerbongs & bentleys,2019
Ball For Me (feat. Nicki Minaj),Post Malone,69,True,0.55,134.206,0.543,0.797,0.513,-4.166,Major,3.4,A,beerbongs & bentleys,2019
Otherside,Post Malone,64,True,0.643,104.932,0.109,0.652,0.318,-5.667,Minor,3.8,A,beerbongs & bentleys,2019
Stay,Post Malone,77,True,0.48,86.046,0.35,0.507,0.449,-5.418,Major,3.4,F,beerbongs & bentleys,2019
Blame It On Me,Post Malone,64,False,0.591,121.873,0.274,0.652,0.145,-7.274,Minor,4.4,B,beerbongs & bentleys,2019
Same Bitches (feat. G-Eazy & YG),Post Malone,65,True,0.774,100.005,0.219,0.731,0.434,-5.273,Minor,3.5,Asharp/Bflat,beerbongs & bentleys,2019
Jonestown (Interlude),Post Malone,59,False,0.454,77.592,0.288,0.38,0.755,-10.271,Minor,1.9,C,beerbongs & bentleys,2019
92 Explorer,Post Malone,73,True,0.733,146.046,0.861,0.798,0.265,-4.811,Minor,3.5,G,beerbongs & bentleys,2019
Candy Paint,Post Malone,78,True,0.667,180.064,0.381,0.664,0.64,-5.941,Major,3.8,E,beerbongs & bentleys,2019
Sugar Wraith,Post Malone,65,True,0.775,164.02,0.307,0.606,0.262,-4.269,Minor,3.8,F,beerbongs & bentleys,2019
If We Have Each Other,Alec Benjamin,79,False,0.577,173.094,0.861,0.656,0.698,-5.566,Minor,3.0,Asharp/Bflat,Narrated For You,2019
Water Fountain,Alec Benjamin,78,False,0.504,133.975,0.551,0.723,0.388,-5.572,Major,3.6,Gsharp/Aflat,Narrated For You,2019
Annabelle's Homework,Alec Benjamin,56,False,0.634,86.004,0.33,0.676,0.701,-5.377,Major,3.2,Gsharp/Aflat,Narrated For You,2019
Let Me Down Slowly,Alec Benjamin,88,False,0.557,150.073,0.483,0.652,0.74,-5.714,Minor,2.8,Csharp/Dflat,Narrated For You,2019
Swim,Alec Benjamin,57,False,0.562,160.051,0.532,0.737,0.289,-6.117,Minor,2.4,B,Narrated For You,2019
Boy In The Bubble,Alec Benjamin,70,False,0.578,143.982,0.851,0.817,0.224,-7.579,Minor,3.0,B,Narrated For You,2019
Steve,Alec Benjamin,53,False,0.353,80.558,0.866,0.348,0.845,-9.012,Major,2.9,Asharp/Bflat,Narrated For You,2019
Gotta Be A Reason,Alec Benjamin,59,False,0.518,79.997,0.277,0.771,0.806,-7.582,Minor,3.5,E,Narrated For You,2019
Outrunning Karma,Alec Benjamin,68,False,0.649,112.482,0.474,0.416,0.655,-5.271,Minor,3.1,B,Narrated For You,2019
If I Killed Someone For You,Alec Benjamin,73,False,0.605,120.894,0.409,0.514,0.774,-5.363,Major,3.1,G,Narrated For You,2019
Death Of A Hero,Alec Benjamin,54,False,0.62,179.8,0.584,0.653,0.634,-5.797,Major,3.2,B,Narrated For You,2019
1994,Alec Benjamin,55,False,0.613,87.022,0.862,0.772,0.281,-6.185,Major,3.1,Gsharp/Aflat,Narrated For You,2019
Strike a Pose (feat. Aitch),Young T & Bugsey,58,True,0.581,137.776,0.591,0.531,0.0107,-5.801,Major,3.6,Csharp/Dflat,Strike a Pose (feat. Aitch),2019
Never Really Over,Katy Perry,72,False,0.882,99.991,0.385,0.77,0.194,-4.792,Major,3.7,Gsharp/Aflat,Never Really Over,2019
Baby Come Back to Me,Kane Brown,46,False,0.812,81.062,0.484,0.538,0.0193,-5.776,Major,3.8,G,Experiment Extended,2019
Good as You,Kane Brown,67,False,0.516,153.653,0.769,0.626,0.4,-6.05,Major,3.2,Gsharp/Aflat,Experiment Extended,2019
Lose It,Kane Brown,65,False,0.854,91.967,0.436,0.545,0.00244,-4.968,Minor,3.0,E,Experiment Extended,2019
It Ain't You It's Me,Kane Brown,43,False,0.683,145.968,0.44,0.487,0.0322,-5.827,Minor,3.2,Asharp/Bflat,Experiment Extended,2019
Short Skirt Weather,Kane Brown,62,False,0.893,128.044,0.944,0.699,0.0626,-5.412,Major,3.2,A,Experiment Extended,2019
Homesick,Kane Brown,67,False,0.5,97.028,0.409,0.701,0.46,-8.82,Major,3.4,Gsharp/Aflat,Experiment Extended,2019
Weekend,Kane Brown,47,False,0.726,80.013,0.773,0.641,0.356,-6.298,Major,3.8,E,Experiment Extended,2019
Work,Kane Brown,45,False,0.5,82.954,0.434,0.596,0.584,-8.701,Major,3.1,D,Experiment Extended,2019
One Night Only,Kane Brown,43,False,0.595,77.996,0.686,0.649,0.164,-6.214,Minor,3.2,Fsharp/Gflat,Experiment Extended,2019
My Where I Come From,Kane Brown,41,False,0.872,105.045,0.535,0.574,0.0628,-5.733,Major,3.0,Gsharp/Aflat,Experiment Extended,2019
American Bad Dream,Kane Brown,42,False,0.771,140.196,0.609,0.579,0.03,-5.497,Minor,3.3,Asharp/Bflat,Experiment Extended,2019
Live Forever,Kane Brown,49,False,0.392,106.992,0.347,0.709,0.687,-8.186,Major,3.1,E,Experiment Extended,2019
Lost in the Middle of Nowhere (feat. Becky G),Kane Brown,54,False,0.754,85.993,0.438,0.559,0.00184,-5.344,Minor,3.1,Fsharp/Gflat,Experiment Extended,2019
Like a Rodeo,Kane Brown,61,False,0.661,119.985,0.425,0.67,0.704,-6.798,Minor,3.4,Dsharp/Eflat,Experiment Extended,2019
For My Daughter,Kane Brown,57,False,0.561,139.939,0.35,0.537,0.275,-8.09,Major,3.7,Csharp/Dflat,Experiment Extended,2019
Footsteps (feat. Musiq Soulchild),Kehlani,50,False,0.638,88.546,0.478,0.42,0.817,-4.212,Major,4.6,D,While We Wait,2019
Too Deep,Kehlani,49,True,0.638,180.216,0.642,0.516,0.614,-6.673,Minor,2.8,G,While We Wait,2019
Nunya (feat. Dom Kennedy),Kehlani,56,True,0.71,97.98,0.574,0.675,0.39,-4.027,Major,4.1,Csharp/Dflat,While We Wait,2019
Morning Glory,Kehlani,46,False,0.833,172.037,0.653,0.589,0.0158,-4.494,Minor,3.0,C,While We Wait,2019
Feels,Kehlani,64,True,0.609,80.362,0.381,0.369,0.259,-4.477,Minor,3.0,A,While We Wait,2019
Nights Like This (feat. Ty Dolla $ign),Kehlani,78,True,0.725,146.163,0.291,0.61,0.367,-5.131,Major,3.4,Gsharp/Aflat,While We Wait,2019
RPG (feat. 6lack),Kehlani,54,False,0.534,132.94,0.719,0.758,0.402,-7.368,Minor,3.9,G,While We Wait,2019
Butterfly,Kehlani,44,False,0.345,79.107,0.701,0.583,0.886,-8.044,Minor,2.7,F,While We Wait,2019
Love Language,Kehlani,51,False,0.586,89.599,0.698,0.582,0.124,-4.369,Minor,3.6,Csharp/Dflat,While We Wait,2019
Omertà,Drake,59,True,0.899,164.119,0.685,0.646,0.0337,-2.232,Major,3.7,Fsharp/Gflat,The Best In The World Pack,2019
Money In The Grave (Drake ft. Rick Ross),Drake,79,True,0.502,100.541,0.101,0.831,0.101,-4.045,Minor,3.4,Asharp/Bflat,The Best In The World Pack,2019
One Thing Right,Marshmello,74,False,0.625,88.042,0.442,0.659,0.0644,-2.253,Major,3.0,E,One Thing Right,2019
Rare,Selena Gomez,65,False,0.545,114.998,0.631,0.838,0.208,-6.713,Major,3.7,F,Rare,2019
Dance Again,Selena Gomez,56,False,0.552,111.984,0.465,0.784,0.0447,-7.261,Minor,2.8,Csharp/Dflat,Rare,2019
Look At Her Now,Selena Gomez,66,False,0.564,77.342,0.55,0.753,0.114,-7.908,Minor,2.7,Asharp/Bflat,Rare,2019
Lose You To Love Me,Selena Gomez,83,False,0.343,102.819,0.0978,0.488,0.556,-8.985,Major,3.4,E,Rare,2019
Ring,Selena Gomez,66,False,0.51,110.953,0.871,0.873,0.565,-5.35,Minor,2.5,Dsharp/Eflat,Rare,2019
Vulnerable,Selena Gomez,57,False,0.573,100.031,0.38,0.695,0.132,-8.882,Major,3.2,Asharp/Bflat,Rare,2019
People You Know,Selena Gomez,80,False,0.62,150.032,0.62,0.695,0.0881,-8.082,Minor,3.2,Gsharp/Aflat,Rare,2019
Let Me Get Me,Selena Gomez,60,False,0.571,121.06,0.475,0.826,0.249,-9.263,Major,3.2,D,Rare,2019
Crowded Room (feat. 6LACK),Selena Gomez,56,False,0.415,89.999,0.328,0.724,0.764,-8.408,Minor,3.1,G,Rare,2019
Kinda Crazy,Selena Gomez,51,False,0.446,93.03,0.534,0.691,0.484,-10.304,Minor,3.5,B,Rare,2019
Fun,Selena Gomez,48,False,0.419,113.866,0.523,0.863,0.076,-10.144,Minor,3.2,B,Rare,2019
Cut You Off,Selena Gomez,52,True,0.294,139.745,0.842,0.855,0.3,-8.676,Major,3.0,F,Rare,2019
A Sweeter Place (feat. Kid Cudi),Selena Gomez,52,False,0.777,190.054,0.31,0.583,0.109,-6.991,Minor,4.4,Asharp/Bflat,Rare,2019
Intro,Flipp Dinero,31,True,0.615,86.038,0.612,0.829,0.0245,-8.633,Minor,2.8,Gsharp/Aflat,LOVE FOR GUALA,2019
How I Move (feat. Lil Baby),Flipp Dinero,62,True,0.635,119.954,0.808,0.826,0.102,-5.181,Minor,3.7,F,LOVE FOR GUALA,2019
Fritolays (feat. Jay Critch),Flipp Dinero,36,True,0.538,122.98,0.588,0.948,0.0212,-7.527,Minor,3.8,Asharp/Bflat,LOVE FOR GUALA,2019
Looking At Me (feat. Rich The Kid),Flipp Dinero,46,True,0.612,95.982,0.443,0.78,0.0566,-4.469,Minor,3.5,B,LOVE FOR GUALA,2019
If I Tell You,Flipp Dinero,41,True,0.867,161.966,0.414,0.711,0.152,-1.981,Minor,3.6,B,LOVE FOR GUALA,2019
Shawty Do You,Flipp Dinero,29,True,0.677,82.51,0.466,0.772,0.0082,-6.109,Minor,3.2,Asharp/Bflat,LOVE FOR GUALA,2019
Take A Lil' Time,Flipp Dinero,30,True,0.426,95.528,0.077,0.859,0.466,-5.913,Minor,3.0,F,LOVE FOR GUALA,2019
Not Too Many,Flipp Dinero,29,True,0.659,130.027,0.64,0.906,0.00454,-5.801,Major,2.9,A,LOVE FOR GUALA,2019
Westside,Flipp Dinero,46,True,0.707,179.971,0.45,0.812,0.0571,-5.014,Minor,3.7,Gsharp/Aflat,LOVE FOR GUALA,2019
Hills,Flipp Dinero,29,True,0.497,121.999,0.517,0.846,0.0509,-7.27,Major,2.6,Csharp/Dflat,LOVE FOR GUALA,2019
Perry,Flipp Dinero,27,True,0.718,160.088,0.367,0.791,0.0845,-7.589,Minor,2.8,Asharp/Bflat,LOVE FOR GUALA,2019
Leave Me Alone,Flipp Dinero,72,True,0.743,150.024,0.742,0.792,0.107,-2.806,Major,3.3,G,LOVE FOR GUALA,2019
Till im Gone (feat. Kodak Black),Flipp Dinero,43,True,0.724,177.914,0.255,0.635,0.183,-3.229,Major,3.8,Fsharp/Gflat,LOVE FOR GUALA,2019
Butterfly Effect,DJ Snake,40,False,0.644,149.822,0.0387,0.224,0.00407,-7.276,Minor,3.4,F,Carte Blanche,2019
Quiet Storm (with Zomboy),DJ Snake,46,False,0.985,150.069,0.358,0.562,0.00124,-1.869,Major,3.8,Csharp/Dflat,Carte Blanche,2019
When The Lights Go Down,DJ Snake,40,False,0.952,159.996,0.59,0.595,0.0269,-1.892,Minor,3.9,F,Carte Blanche,2019
Recognize (feat. Majid Jordan),DJ Snake,38,False,0.681,113.966,0.431,0.735,0.244,-7.655,Major,3.6,Gsharp/Aflat,Carte Blanche,2019
No More (feat. ZHU),DJ Snake,50,True,0.716,120.046,0.563,0.809,0.0175,-8.434,Minor,2.8,E,Carte Blanche,2019
"Made In France (with Tchami & Malaa, feat. Mercer)",DJ Snake,51,False,0.949,126.007,0.506,0.836,0.00295,-4.127,Minor,4.2,B,Carte Blanche,2019
"Enzo (with Sheck Wes, feat. Offset, 21 Savage & Gucci Mane)",DJ Snake,54,True,0.726,119.963,0.181,0.785,0.0739,-4.209,Major,4.1,D,Carte Blanche,2019
Smile (feat. Bryson Tiller),DJ Snake,41,True,0.82,160.055,0.538,0.402,0.142,-1.887,Minor,3.3,F,Carte Blanche,2019
Try Me (with Plastic Toy),DJ Snake,49,False,0.703,102.289,0.193,0.68,0.839,-3.36,Minor,3.3,G,Carte Blanche,2019
Loco Contigo (feat. J. Balvin & Tyga),DJ Snake,77,False,0.758,192.091,0.371,0.694,0.278,-2.986,Major,3.1,B,Carte Blanche,2019
"Taki Taki (feat. Selena Gomez, Ozuna & Cardi B)",DJ Snake,75,True,0.801,95.881,0.617,0.842,0.157,-4.167,Minor,3.5,Gsharp/Aflat,Carte Blanche,2019
"Fuego (with Sean Paul & Anitta, feat. Tainy)",DJ Snake,60,False,0.859,104.906,0.612,0.819,0.0244,-6.264,Major,3.3,Gsharp/Aflat,Carte Blanche,2019
Magenta Riddim,DJ Snake,65,False,0.892,102.047,0.57,0.602,0.000393,-3.66,Minor,3.2,Asharp/Bflat,Carte Blanche,2019
Frequency 75,DJ Snake,45,False,0.774,108.023,0.125,0.664,0.0039,-8.961,Major,4.4,Csharp/Dflat,Carte Blanche,2019
SouthSide (feat. Eptic),DJ Snake,45,False,0.94,149.959,0.555,0.571,0.0114,-3.637,Major,4.2,Csharp/Dflat,Carte Blanche,2019
No Option (feat. Burna Boy),DJ Snake,44,True,0.877,150.162,0.876,0.631,0.00837,-4.072,Minor,3.1,F,Carte Blanche,2019
Paris (feat. GASHI),DJ Snake,44,False,0.624,128.045,0.231,0.621,0.226,-6.745,Minor,3.8,Asharp/Bflat,Carte Blanche,2019
Lost Files,Polo G,57,True,0.723,145.067,0.397,0.809,0.335,-6.145,Major,2.0,Csharp/Dflat,Die A Legend,2019
Dyin Breed,Polo G,62,True,0.599,159.966,0.427,0.77,0.0131,-8.663,Minor,3.0,D,Die A Legend,2019
Through Da Storm,Polo G,74,True,0.49,74.351,0.621,0.71,0.128,-9.832,Major,3.3,Csharp/Dflat,Die A Legend,2019
Effortless,Polo G,58,True,0.445,157.153,0.399,0.792,0.00256,-7.871,Minor,2.9,Asharp/Bflat,Die A Legend,2019
Pop Out (feat. Lil Tjay),Polo G,80,True,0.639,168.112,0.261,0.772,0.15,-7.119,Major,2.8,Csharp/Dflat,Die A Legend,2019
Battle Cry,Polo G,58,True,0.597,150.089,0.347,0.754,0.212,-7.809,Major,3.2,G,Die A Legend,2019
BST,Polo G,57,True,0.603,143.043,0.633,0.876,0.0188,-9.148,Minor,3.4,F,Die A Legend,2019
Finer Things,Polo G,68,True,0.45,177.978,0.131,0.506,0.0683,-12.565,Major,3.0,D,Die A Legend,2019
Picture This,Polo G,56,True,0.604,87.955,0.406,0.831,0.0316,-6.741,Major,2.8,C,Die A Legend,2019
Chosen 1,Polo G,76,True,0.576,166.162,0.364,0.77,0.138,-11.845,Minor,2.1,Gsharp/Aflat,Die A Legend,2019
Deep Wounds,Polo G,63,True,0.572,159.961,0.339,0.661,0.0149,-7.101,Major,3.0,Csharp/Dflat,Die A Legend,2019
Last Strike,Polo G,53,True,0.594,81.539,0.477,0.579,0.0249,-8.461,Major,3.3,D,Die A Legend,2019
A King's Nightmare,Polo G,50,True,0.728,81.193,0.321,0.463,0.156,-7.994,Minor,2.8,Csharp/Dflat,Die A Legend,2019
Pop Out Again (feat. Lil Baby & Gunna),Polo G,60,True,0.689,83.964,0.364,0.862,0.118,-5.68,Major,3.7,Csharp/Dflat,Die A Legend,2019
High Expectations - Intro,Mabel,26,False,0.371,64.894,0.1,0.186,0.335,-9.104,Major,1.5,B,High Expectations,2019
Bad Behaviour,Mabel,43,False,0.806,106.999,0.41,0.79,0.00479,-4.342,Major,3.4,C,High Expectations,2019
Don't Call Me Up,Mabel,39,False,0.872,98.891,0.261,0.684,0.31,-2.85,Major,3.0,A,High Expectations,2019
FML,Mabel,29,True,0.828,107.925,0.445,0.582,0.0215,-1.982,Major,3.2,F,High Expectations,2019
We Don't Say...,Mabel,31,False,0.833,92.519,0.766,0.737,0.245,-6.368,Major,3.2,C,High Expectations,2019
Selfish Love (with Kamille),Mabel,41,False,0.744,107.005,0.33,0.689,0.435,-5.836,Minor,3.2,A,High Expectations,2019
Lucky - Interlude,Mabel,29,False,0.421,169.31,0.156,0.349,0.36,-8.199,Minor,1.2,D,High Expectations,2019
Mad Love,Mabel,67,False,0.796,197.524,0.607,0.623,0.659,-2.981,Minor,2.8,C,High Expectations,2019
Trouble,Mabel,30,False,0.699,156.001,0.649,0.671,0.057,-4.14,Major,3.5,F,High Expectations,2019
Put Your Name On It,Mabel,34,False,0.724,105.448,0.531,0.655,0.252,-4.466,Major,3.7,C,High Expectations,2019
Stckhlm Syndrome - Interlude,Mabel,26,True,0.573,107.954,0.464,0.724,0.0457,-5.492,Major,2.4,Csharp/Dflat,High Expectations,2019
OK (Anxiety Anthem),Mabel,50,False,0.79,99.086,0.499,0.674,0.269,-3.857,Minor,3.6,Gsharp/Aflat,High Expectations,2019
I Belong To Me,Mabel,26,True,0.525,80.098,0.0905,0.497,0.699,-6.019,Major,2.6,Csharp/Dflat,High Expectations,2019
High Expectations - Outro,Mabel,22,False,0.399,134.179,0.134,0.313,0.523,-8.216,Major,2.4,B,High Expectations,2019
Boyfriend,Mabel,56,False,0.848,99.977,0.691,0.795,0.0569,-3.128,Major,3.8,G,High Expectations,2019
Finders Keepers (feat. Kojo Funds),Mabel,28,False,0.583,108.038,0.619,0.834,0.0415,-6.531,Minor,4.5,E,High Expectations,2019
Fine Line (with Not3s),Mabel,26,True,0.619,76.658,0.94,0.72,0.237,-4.95,Minor,3.5,Dsharp/Eflat,High Expectations,2019
Ring Ring (with Jax Jones feat. Rich The Kid),Jax Jones,25,True,0.649,106.709,0.624,0.703,0.185,-4.877,Minor,3.6,Csharp/Dflat,High Expectations,2019
Cigarette (with RAYE & Stefflon Don),RAYE,23,True,0.691,115.025,0.579,0.816,0.106,-4.665,Major,3.1,D,High Expectations,2019
Not Sayin',Mabel,27,False,0.795,110.02,0.864,0.709,0.0059,-4.195,Minor,3.7,Asharp/Bflat,High Expectations,2019
God Is A Dancer (Tiësto & Mabel),Tiësto,34,False,0.749,119.995,0.815,0.79,0.0322,-3.915,Minor,2.8,Csharp/Dflat,High Expectations,2019
Intro (feat. 1takejay),Mustard,51,True,0.503,102.042,0.259,0.917,0.0792,-8.389,Major,1.9,Csharp/Dflat,Perfect Ten,2019
Pure Water (with Migos),Mustard,76,True,0.559,202.015,0.137,0.682,0.174,-5.545,Major,3.2,C,Perfect Ten,2019
On GOD (with YG & Tyga feat. A$AP Ferg & A$AP Rocky),Mustard,51,True,0.676,103.998,0.339,0.857,0.218,-5.359,Major,4.4,Csharp/Dflat,Perfect Ten,2019
"Baguettes in the Face (feat. NAV, Playboi Carti & A Boogie Wit da Hoodie)",Mustard,68,True,0.525,99.978,0.312,0.883,0.189,-8.054,Minor,2.9,D,Perfect Ten,2019
Interstate 10 (feat. Future),Mustard,47,True,0.489,101.985,0.0676,0.83,0.167,-7.212,Major,3.3,D,Perfect Ten,2019
"100 Bands (feat. Quavo, YG & Meek Mill)",Mustard,41,True,0.486,92.976,0.126,0.86,0.00755,-6.533,Minor,2.3,Csharp/Dflat,Perfect Ten,2019
Woah Woah (feat. Young Thug & Gunna),Mustard,48,True,0.486,91.99,0.204,0.775,0.357,-7.12,Minor,3.9,Fsharp/Gflat,Perfect Ten,2019
Surface,Mustard,48,True,0.475,89.554,0.482,0.425,0.129,-7.57,Minor,3.2,F,Perfect Ten,2019
Ballin' (with Roddy Ricch),Mustard,82,True,0.545,97.008,0.244,0.809,0.392,-6.678,Major,3.0,G,Perfect Ten,2019
Perfect Ten (feat. Nipsey Hussle),Mustard,56,True,0.437,99.948,0.228,0.683,0.781,-9.267,Minor,4.2,F,Perfect Ten,2019
Voices in My Head,A Boogie Wit da Hoodie,56,True,0.663,90.195,0.207,0.754,0.0555,-6.311,Minor,2.4,Fsharp/Gflat,Hoodie SZN,2019
Beasty,A Boogie Wit da Hoodie,56,True,0.418,126.023,0.374,0.86,0.292,-9.061,Minor,2.5,G,Hoodie SZN,2019
I Did It,A Boogie Wit da Hoodie,51,True,0.454,89.483,0.196,0.718,0.153,-9.012,Major,3.6,Gsharp/Aflat,Hoodie SZN,2019
Swervin (feat. 6ix9ine),A Boogie Wit da Hoodie,76,True,0.662,93.023,0.434,0.581,0.0153,-5.239,Major,3.2,A,Hoodie SZN,2019
Startender (feat. Offset and Tyga),A Boogie Wit da Hoodie,65,True,0.622,191.971,0.506,0.736,0.0235,-4.653,Minor,3.2,Fsharp/Gflat,Hoodie SZN,2019
Demons and Angels (feat. Juice WRLD),A Boogie Wit da Hoodie,69,True,0.55,76.503,0.183,0.81,0.0114,-7.46,Minor,3.6,D,Hoodie SZN,2019
Love Drugs and Sex,A Boogie Wit da Hoodie,68,True,0.553,119.973,0.773,0.762,0.55,-7.207,Minor,2.6,F,Hoodie SZN,2019
Skeezers,A Boogie Wit da Hoodie,64,True,0.484,140.019,0.353,0.792,0.558,-7.801,Minor,3.3,G,Hoodie SZN,2019
Savage,A Boogie Wit da Hoodie,56,True,0.402,160.046,0.483,0.78,0.188,-9.255,Minor,2.8,F,Hoodie SZN,2019
Come Closer (feat. Queen Naija),A Boogie Wit da Hoodie,62,True,0.556,140.056,0.616,0.741,0.22,-6.647,Minor,2.6,G,Hoodie SZN,2019
Look Back at It,A Boogie Wit da Hoodie,78,True,0.587,96.057,0.536,0.791,0.407,-5.075,Minor,3.0,Dsharp/Eflat,Hoodie SZN,2019
Just Like Me (feat. Young Thug),A Boogie Wit da Hoodie,67,True,0.623,128.661,0.393,0.774,0.156,-7.871,Major,3.7,F,Hoodie SZN,2019
Bosses and Workers (feat. Don Q and Trap Manny),A Boogie Wit da Hoodie,50,True,0.605,130.027,0.591,0.842,0.358,-6.293,Minor,3.5,Csharp/Dflat,Hoodie SZN,2019
Need a Best Friend (feat. Lil Quee and Quando Rondo),A Boogie Wit da Hoodie,49,True,0.52,165.105,0.359,0.696,0.06,-6.361,Major,3.4,C,Hoodie SZN,2019
The Reaper,A Boogie Wit da Hoodie,52,True,0.61,141.955,0.479,0.761,0.379,-7.039,Major,2.9,Fsharp/Gflat,Hoodie SZN,2019
Uptown / Bustdown (feat. PnB Rock and Lil Durk),A Boogie Wit da Hoodie,51,True,0.751,90.04,0.324,0.503,0.215,-5.785,Minor,3.0,Fsharp/Gflat,Hoodie SZN,2019
Billie Jean,A Boogie Wit da Hoodie,52,True,0.536,139.961,0.375,0.83,0.0919,-6.324,Minor,2.3,E,Hoodie SZN,2019
4 Min Convo (Favorite Song),A Boogie Wit da Hoodie,59,True,0.65,91.053,0.658,0.705,0.359,-5.654,Minor,4.3,G,Hoodie SZN,2019
Odee,A Boogie Wit da Hoodie,58,True,0.48,86.049,0.293,0.854,0.208,-7.388,Minor,2.7,A,Hoodie SZN,2019
Pull Up (feat. NAV),A Boogie Wit da Hoodie,50,True,0.37,149.95,0.557,0.828,0.487,-7.446,Minor,3.2,G,Hoodie SZN,2019
Don’t Feel Like Crying,Sigrid,46,False,0.814,119.964,0.715,0.749,0.156,-3.769,Minor,2.6,F,Don't Feel Like Crying,2019
